epoch,fit/inv_loss_epoch,fit/inv_loss_step,fit/loss_epoch,fit/loss_step,fit/sigreg_loss_epoch,fit/sigreg_loss_step,hparams/lr_default_0,step,validate/inv_loss_epoch,validate/inv_loss_step,validate/loss_epoch,validate/loss_step,validate/sigreg_loss_epoch,validate/sigreg_loss_step
0,,0.4760870635509491,,2.0776495933532715,,32.0,0.000455000001238659,49,,,,,,
,,,,,,,,0,,0.0,,0.0,,0.0
,,,,,,,,1,,0.0,,0.0,,0.0
,,,,,,,,2,,0.0,,0.0,,0.0
,,,,,,,,3,,0.0,,0.0,,0.0
,,,,,,,,4,,0.0,,0.0,,0.0
,,,,,,,,5,,0.0,,0.0,,0.0
,,,,,,,,6,,0.0,,0.0,,0.0
,,,,,,,,7,,0.0,,0.0,,0.0
,,,,,,,,8,,0.0,,0.0,,0.0
,,,,,,,,9,,0.0,,0.0,,0.0
,,,,,,,,10,,0.0,,0.0,,0.0
,,,,,,,,11,,0.0,,0.0,,0.0
,,,,,,,,12,,0.0,,0.0,,0.0
,,,,,,,,13,,0.0,,0.0,,0.0
,,,,,,,,14,,0.0,,0.0,,0.0
,,,,,,,,15,,0.0,,0.0,,0.0
,,,,,,,,16,,0.0,,0.0,,0.0
,,,,,,,,17,,0.0,,0.0,,0.0
,,,,,,,,18,,0.0,,0.0,,0.0
,,,,,,,,19,,0.0,,0.0,,0.0
,,,,,,,,20,,0.0,,0.0,,0.0
,,,,,,,,21,,0.0,,0.0,,0.0
,,,,,,,,22,,0.0,,0.0,,0.0
0,,,,,,,,54,0.0,,0.0,,0.0,
0,0.35162919759750366,,3.86782169342041,,70.2977294921875,,,54,,,,,,
1,,0.3741333484649658,,1.5303833484649658,,23.125,0.000499915739055723,99,,,,,,
,,,,,,,,23,,0.0,,0.0,,0.0
,,,,,,,,24,,0.0,,0.0,,0.0
,,,,,,,,25,,0.0,,0.0,,0.0
,,,,,,,,26,,0.0,,0.0,,0.0
,,,,,,,,27,,0.0,,0.0,,0.0
,,,,,,,,28,,0.0,,0.0,,0.0
,,,,,,,,29,,0.0,,0.0,,0.0
,,,,,,,,30,,0.0,,0.0,,0.0
,,,,,,,,31,,0.0,,0.0,,0.0
,,,,,,,,32,,0.0,,0.0,,0.0
,,,,,,,,33,,0.0,,0.0,,0.0
,,,,,,,,34,,0.0,,0.0,,0.0
,,,,,,,,35,,0.0,,0.0,,0.0
,,,,,,,,36,,0.0,,0.0,,0.0
,,,,,,,,37,,0.0,,0.0,,0.0
,,,,,,,,38,,0.0,,0.0,,0.0
,,,,,,,,39,,0.0,,0.0,,0.0
,,,,,,,,40,,0.0,,0.0,,0.0
,,,,,,,,41,,0.0,,0.0,,0.0
,,,,,,,,42,,0.0,,0.0,,0.0
,,,,,,,,43,,0.0,,0.0,,0.0
,,,,,,,,44,,0.0,,0.0,,0.0
,,,,,,,,45,,0.0,,0.0,,0.0
1,,,,,,,,109,0.0,,0.0,,0.0,
1,0.37994512915611267,,1.683496117591858,,26.06818199157715,,,109,,,,,,
2,,0.3342329263687134,,1.2795454263687134,,18.875,0.0004996245261281729,149,,,,,,
,,,,,,,,46,,0.0,,0.0,,0.0
,,,,,,,,47,,0.0,,0.0,,0.0
,,,,,,,,48,,0.0,,0.0,,0.0
,,,,,,,,49,,0.0,,0.0,,0.0
,,,,,,,,50,,0.0,,0.0,,0.0
,,,,,,,,51,,0.0,,0.0,,0.0
,,,,,,,,52,,0.0,,0.0,,0.0
,,,,,,,,53,,0.0,,0.0,,0.0
,,,,,,,,54,,0.0,,0.0,,0.0
,,,,,,,,55,,0.0,,0.0,,0.0
,,,,,,,,56,,0.0,,0.0,,0.0
,,,,,,,,57,,0.0,,0.0,,0.0
,,,,,,,,58,,0.0,,0.0,,0.0
,,,,,,,,59,,0.0,,0.0,,0.0
,,,,,,,,60,,0.0,,0.0,,0.0
,,,,,,,,61,,0.0,,0.0,,0.0
,,,,,,,,62,,0.0,,0.0,,0.0
,,,,,,,,63,,0.0,,0.0,,0.0
,,,,,,,,64,,0.0,,0.0,,0.0
,,,,,,,,65,,0.0,,0.0,,0.0
,,,,,,,,66,,0.0,,0.0,,0.0
,,,,,,,,67,,0.0,,0.0,,0.0
,,,,,,,,68,,0.0,,0.0,,0.0
2,,,,,,,,164,0.0,,0.0,,0.0,
2,0.3621087074279785,,1.349537968635559,,19.752273559570312,,,164,,,,,,
3,,0.37717804312705994,,1.1974905729293823,,16.375,0.0004991256282664835,199,,,,,,
,,,,,,,,69,,0.0,,0.0,,0.0
,,,,,,,,70,,0.0,,0.0,,0.0
,,,,,,,,71,,0.0,,0.0,,0.0
,,,,,,,,72,,0.0,,0.0,,0.0
,,,,,,,,73,,0.0,,0.0,,0.0
,,,,,,,,74,,0.0,,0.0,,0.0
,,,,,,,,75,,0.0,,0.0,,0.0
,,,,,,,,76,,0.0,,0.0,,0.0
,,,,,,,,77,,0.0,,0.0,,0.0
,,,,,,,,78,,0.0,,0.0,,0.0
,,,,,,,,79,,0.0,,0.0,,0.0
,,,,,,,,80,,0.0,,0.0,,0.0
,,,,,,,,81,,0.0,,0.0,,0.0
,,,,,,,,82,,0.0,,0.0,,0.0
,,,,,,,,83,,0.0,,0.0,,0.0
,,,,,,,,84,,0.0,,0.0,,0.0
,,,,,,,,85,,0.0,,0.0,,0.0
,,,,,,,,86,,0.0,,0.0,,0.0
,,,,,,,,87,,0.0,,0.0,,0.0
,,,,,,,,88,,0.0,,0.0,,0.0
,,,,,,,,89,,0.0,,0.0,,0.0
,,,,,,,,90,,0.0,,0.0,,0.0
,,,,,,,,91,,0.0,,0.0,,0.0
3,,,,,,,,219,0.0,,0.0,,0.0,
3,0.3447343409061432,,1.1590098142623901,,16.290908813476562,,,219,,,,,,
4,,0.3354654312133789,,1.069840431213379,,14.6875,0.0004984193947166204,249,,,,,,
,,,,,,,,92,,0.0,,0.0,,0.0
,,,,,,,,93,,0.0,,0.0,,0.0
,,,,,,,,94,,0.0,,0.0,,0.0
,,,,,,,,95,,0.0,,0.0,,0.0
,,,,,,,,96,,0.0,,0.0,,0.0
,,,,,,,,97,,0.0,,0.0,,0.0
,,,,,,,,98,,0.0,,0.0,,0.0
,,,,,,,,99,,0.0,,0.0,,0.0
,,,,,,,,100,,0.0,,0.0,,0.0
,,,,,,,,101,,0.0,,0.0,,0.0
,,,,,,,,102,,0.0,,0.0,,0.0
,,,,,,,,103,,0.0,,0.0,,0.0
,,,,,,,,104,,0.0,,0.0,,0.0
,,,,,,,,105,,0.0,,0.0,,0.0
,,,,,,,,106,,0.0,,0.0,,0.0
,,,,,,,,107,,0.0,,0.0,,0.0
,,,,,,,,108,,0.0,,0.0,,0.0
,,,,,,,,109,,0.0,,0.0,,0.0
,,,,,,,,110,,0.0,,0.0,,0.0
,,,,,,,,111,,0.0,,0.0,,0.0
,,,,,,,,112,,0.0,,0.0,,0.0
,,,,,,,,113,,0.0,,0.0,,0.0
,,,,,,,,114,,0.0,,0.0,,0.0
4,,,,,,,,274,0.0,,0.0,,0.0,
4,0.32684990763664246,,1.0570346117019653,,14.605681419372559,,,274,,,,,,
5,,0.31294551491737366,,0.9613829851150513,,13.0,0.0004975064075551927,299,,,,,,
,,,,,,,,115,,0.0,,0.0,,0.0
,,,,,,,,116,,0.0,,0.0,,0.0
,,,,,,,,117,,0.0,,0.0,,0.0
,,,,,,,,118,,0.0,,0.0,,0.0
,,,,,,,,119,,0.0,,0.0,,0.0
,,,,,,,,120,,0.0,,0.0,,0.0
,,,,,,,,121,,0.0,,0.0,,0.0
,,,,,,,,122,,0.0,,0.0,,0.0
,,,,,,,,123,,0.0,,0.0,,0.0
,,,,,,,,124,,0.0,,0.0,,0.0
,,,,,,,,125,,0.0,,0.0,,0.0
,,,,,,,,126,,0.0,,0.0,,0.0
,,,,,,,,127,,0.0,,0.0,,0.0
,,,,,,,,128,,0.0,,0.0,,0.0
,,,,,,,,129,,0.0,,0.0,,0.0
,,,,,,,,130,,0.0,,0.0,,0.0
,,,,,,,,131,,0.0,,0.0,,0.0
,,,,,,,,132,,0.0,,0.0,,0.0
,,,,,,,,133,,0.0,,0.0,,0.0
,,,,,,,,134,,0.0,,0.0,,0.0
,,,,,,,,135,,0.0,,0.0,,0.0
,,,,,,,,136,,0.0,,0.0,,0.0
,,,,,,,,137,,0.0,,0.0,,0.0
5,,,,,,,,329,0.0,,0.0,,0.0,
5,0.31693610548973083,,0.9724757075309753,,13.113636016845703,,,329,,,,,,
6,,0.3062629699707031,,0.9234504699707031,,12.375,0.0004963874816894531,349,,,,,,
,,,,,,,,138,,0.0,,0.0,,0.0
,,,,,,,,139,,0.0,,0.0,,0.0
,,,,,,,,140,,0.0,,0.0,,0.0
,,,,,,,,141,,0.0,,0.0,,0.0
,,,,,,,,142,,0.0,,0.0,,0.0
,,,,,,,,143,,0.0,,0.0,,0.0
,,,,,,,,144,,0.0,,0.0,,0.0
,,,,,,,,145,,0.0,,0.0,,0.0
,,,,,,,,146,,0.0,,0.0,,0.0
,,,,,,,,147,,0.0,,0.0,,0.0
,,,,,,,,148,,0.0,,0.0,,0.0
,,,,,,,,149,,0.0,,0.0,,0.0
,,,,,,,,150,,0.0,,0.0,,0.0
,,,,,,,,151,,0.0,,0.0,,0.0
,,,,,,,,152,,0.0,,0.0,,0.0
,,,,,,,,153,,0.0,,0.0,,0.0
,,,,,,,,154,,0.0,,0.0,,0.0
,,,,,,,,155,,0.0,,0.0,,0.0
,,,,,,,,156,,0.0,,0.0,,0.0
,,,,,,,,157,,0.0,,0.0,,0.0
,,,,,,,,158,,0.0,,0.0,,0.0
,,,,,,,,159,,0.0,,0.0,,0.0
,,,,,,,,160,,0.0,,0.0,,0.0
6,,,,,,,,384,0.0,,0.0,,0.0,
6,0.3084494173526764,,0.912497878074646,,12.082954406738281,,,384,,,,,,
7,,0.2946261465549469,,0.8727511167526245,,11.5625,0.0004950634902343154,399,,,,,,
,,,,,,,,161,,0.0,,0.0,,0.0
,,,,,,,,162,,0.0,,0.0,,0.0
,,,,,,,,163,,0.0,,0.0,,0.0
,,,,,,,,164,,0.0,,0.0,,0.0
,,,,,,,,165,,0.0,,0.0,,0.0
,,,,,,,,166,,0.0,,0.0,,0.0
,,,,,,,,167,,0.0,,0.0,,0.0
,,,,,,,,168,,0.0,,0.0,,0.0
,,,,,,,,169,,0.0,,0.0,,0.0
,,,,,,,,170,,0.0,,0.0,,0.0
,,,,,,,,171,,0.0,,0.0,,0.0
,,,,,,,,172,,0.0,,0.0,,0.0
,,,,,,,,173,,0.0,,0.0,,0.0
,,,,,,,,174,,0.0,,0.0,,0.0
,,,,,,,,175,,0.0,,0.0,,0.0
,,,,,,,,176,,0.0,,0.0,,0.0
,,,,,,,,177,,0.0,,0.0,,0.0
,,,,,,,,178,,0.0,,0.0,,0.0
,,,,,,,,179,,0.0,,0.0,,0.0
,,,,,,,,180,,0.0,,0.0,,0.0
,,,,,,,,181,,0.0,,0.0,,0.0
,,,,,,,,182,,0.0,,0.0,,0.0
,,,,,,,,183,,0.0,,0.0,,0.0
7,,,,,,,,439,0.0,,0.0,,0.0,
7,0.3029307723045349,,0.8845357894897461,,11.629545211791992,,,439,,,,,,
8,,0.3180517852306366,,0.880551815032959,,11.25,0.0004935355973429978,449,,,,,,
,,,,,,,,184,,0.0,,0.0,,0.0
,,,,,,,,185,,0.0,,0.0,,0.0
,,,,,,,,186,,0.0,,0.0,,0.0
,,,,,,,,187,,0.0,,0.0,,0.0
,,,,,,,,188,,0.0,,0.0,,0.0
,,,,,,,,189,,0.0,,0.0,,0.0
,,,,,,,,190,,0.0,,0.0,,0.0
,,,,,,,,191,,0.0,,0.0,,0.0
,,,,,,,,192,,0.0,,0.0,,0.0
,,,,,,,,193,,0.0,,0.0,,0.0
,,,,,,,,194,,0.0,,0.0,,0.0
,,,,,,,,195,,0.0,,0.0,,0.0
,,,,,,,,196,,0.0,,0.0,,0.0
,,,,,,,,197,,0.0,,0.0,,0.0
,,,,,,,,198,,0.0,,0.0,,0.0
,,,,,,,,199,,0.0,,0.0,,0.0
,,,,,,,,200,,0.0,,0.0,,0.0
,,,,,,,,201,,0.0,,0.0,,0.0
,,,,,,,,202,,0.0,,0.0,,0.0
,,,,,,,,203,,0.0,,0.0,,0.0
,,,,,,,,204,,0.0,,0.0,,0.0
,,,,,,,,205,,0.0,,0.0,,0.0
,,,,,,,,206,,0.0,,0.0,,0.0
8,,,,,,,,494,0.0,,0.0,,0.0,
8,0.29777565598487854,,0.8634007573127747,,11.305682182312012,,,494,,,,,,
9,,0.2884499430656433,,0.8118874430656433,,10.5,0.0004918050253763795,499,,,,,,
9,,0.2841033935546875,,0.7743377685546875,,9.8125,0.0004898732295259833,549,,,,,,
,,,,,,,,207,,0.0,,0.0,,0.0
,,,,,,,,208,,0.0,,0.0,,0.0
,,,,,,,,209,,0.0,,0.0,,0.0
,,,,,,,,210,,0.0,,0.0,,0.0
,,,,,,,,211,,0.0,,0.0,,0.0
,,,,,,,,212,,0.0,,0.0,,0.0
,,,,,,,,213,,0.0,,0.0,,0.0
,,,,,,,,214,,0.0,,0.0,,0.0
,,,,,,,,215,,0.0,,0.0,,0.0
,,,,,,,,216,,0.0,,0.0,,0.0
,,,,,,,,217,,0.0,,0.0,,0.0
,,,,,,,,218,,0.0,,0.0,,0.0
,,,,,,,,219,,0.0,,0.0,,0.0
,,,,,,,,220,,0.0,,0.0,,0.0
,,,,,,,,221,,0.0,,0.0,,0.0
,,,,,,,,222,,0.0,,0.0,,0.0
,,,,,,,,223,,0.0,,0.0,,0.0
,,,,,,,,224,,0.0,,0.0,,0.0
,,,,,,,,225,,0.0,,0.0,,0.0
,,,,,,,,226,,0.0,,0.0,,0.0
,,,,,,,,227,,0.0,,0.0,,0.0
,,,,,,,,228,,0.0,,0.0,,0.0
,,,,,,,,229,,0.0,,0.0,,0.0
9,,,,,,,,549,0.0,,0.0,,0.0,
9,0.2923888564109802,,0.818632185459137,,10.527273178100586,,,549,,,,,,
10,,0.2910936176776886,,0.7871873378753662,,9.9375,0.0004877418396063149,599,,,,,,
,,,,,,,,230,,0.0,,0.0,,0.0
,,,,,,,,231,,0.0,,0.0,,0.0
,,,,,,,,232,,0.0,,0.0,,0.0
,,,,,,,,233,,0.0,,0.0,,0.0
,,,,,,,,234,,0.0,,0.0,,0.0
,,,,,,,,235,,0.0,,0.0,,0.0
,,,,,,,,236,,0.0,,0.0,,0.0
,,,,,,,,237,,0.0,,0.0,,0.0
,,,,,,,,238,,0.0,,0.0,,0.0
,,,,,,,,239,,0.0,,0.0,,0.0
,,,,,,,,240,,0.0,,0.0,,0.0
,,,,,,,,241,,0.0,,0.0,,0.0
,,,,,,,,242,,0.0,,0.0,,0.0
,,,,,,,,243,,0.0,,0.0,,0.0
,,,,,,,,244,,0.0,,0.0,,0.0
,,,,,,,,245,,0.0,,0.0,,0.0
,,,,,,,,246,,0.0,,0.0,,0.0
,,,,,,,,247,,0.0,,0.0,,0.0
,,,,,,,,248,,0.0,,0.0,,0.0
,,,,,,,,249,,0.0,,0.0,,0.0
,,,,,,,,250,,0.0,,0.0,,0.0
,,,,,,,,251,,0.0,,0.0,,0.0
,,,,,,,,252,,0.0,,0.0,,0.0
10,,,,,,,,604,0.0,,0.0,,0.0,
10,0.28597909212112427,,0.7804393172264099,,9.890909194946289,,,604,,,,,,
11,,0.2749355137348175,,0.7436854839324951,,9.375,0.00048541257274337113,649,,,,,,
,,,,,,,,253,,0.0,,0.0,,0.0
,,,,,,,,254,,0.0,,0.0,,0.0
,,,,,,,,255,,0.0,,0.0,,0.0
,,,,,,,,256,,0.0,,0.0,,0.0
,,,,,,,,257,,0.0,,0.0,,0.0
,,,,,,,,258,,0.0,,0.0,,0.0
,,,,,,,,259,,0.0,,0.0,,0.0
,,,,,,,,260,,0.0,,0.0,,0.0
,,,,,,,,261,,0.0,,0.0,,0.0
,,,,,,,,262,,0.0,,0.0,,0.0
,,,,,,,,263,,0.0,,0.0,,0.0
,,,,,,,,264,,0.0,,0.0,,0.0
,,,,,,,,265,,0.0,,0.0,,0.0
,,,,,,,,266,,0.0,,0.0,,0.0
,,,,,,,,267,,0.0,,0.0,,0.0
,,,,,,,,268,,0.0,,0.0,,0.0
,,,,,,,,269,,0.0,,0.0,,0.0
,,,,,,,,270,,0.0,,0.0,,0.0
,,,,,,,,271,,0.0,,0.0,,0.0
,,,,,,,,272,,0.0,,0.0,,0.0
,,,,,,,,273,,0.0,,0.0,,0.0
,,,,,,,,274,,0.0,,0.0,,0.0
,,,,,,,,275,,0.0,,0.0,,0.0
11,,,,,,,,659,0.0,,0.0,,0.0,
11,0.28289756178855896,,0.7689772248268127,,9.72386360168457,,,659,,,,,,
12,,0.278202623128891,,0.7567182779312134,,9.5625,0.0004828874079976231,699,,,,,,
,,,,,,,,276,,0.0,,0.0,,0.0
,,,,,,,,277,,0.0,,0.0,,0.0
,,,,,,,,278,,0.0,,0.0,,0.0
,,,,,,,,279,,0.0,,0.0,,0.0
,,,,,,,,280,,0.0,,0.0,,0.0
,,,,,,,,281,,0.0,,0.0,,0.0
,,,,,,,,282,,0.0,,0.0,,0.0
,,,,,,,,283,,0.0,,0.0,,0.0
,,,,,,,,284,,0.0,,0.0,,0.0
,,,,,,,,285,,0.0,,0.0,,0.0
,,,,,,,,286,,0.0,,0.0,,0.0
,,,,,,,,287,,0.0,,0.0,,0.0
,,,,,,,,288,,0.0,,0.0,,0.0
,,,,,,,,289,,0.0,,0.0,,0.0
,,,,,,,,290,,0.0,,0.0,,0.0
,,,,,,,,291,,0.0,,0.0,,0.0
,,,,,,,,292,,0.0,,0.0,,0.0
,,,,,,,,293,,0.0,,0.0,,0.0
,,,,,,,,294,,0.0,,0.0,,0.0
,,,,,,,,295,,0.0,,0.0,,0.0
,,,,,,,,296,,0.0,,0.0,,0.0
,,,,,,,,297,,0.0,,0.0,,0.0
,,,,,,,,298,,0.0,,0.0,,0.0
12,,,,,,,,714,0.0,,0.0,,0.0,
12,0.2809041738510132,,0.7662023901939392,,9.705681800842285,,,714,,,,,,
13,,0.256987065076828,,0.7140183448791504,,9.125,0.0004801684699486941,749,,,,,,
,,,,,,,,299,,0.0,,0.0,,0.0
,,,,,,,,300,,0.0,,0.0,,0.0
,,,,,,,,301,,0.0,,0.0,,0.0
,,,,,,,,302,,0.0,,0.0,,0.0
,,,,,,,,303,,0.0,,0.0,,0.0
,,,,,,,,304,,0.0,,0.0,,0.0
,,,,,,,,305,,0.0,,0.0,,0.0
,,,,,,,,306,,0.0,,0.0,,0.0
,,,,,,,,307,,0.0,,0.0,,0.0
,,,,,,,,308,,0.0,,0.0,,0.0
,,,,,,,,309,,0.0,,0.0,,0.0
,,,,,,,,310,,0.0,,0.0,,0.0
,,,,,,,,311,,0.0,,0.0,,0.0
,,,,,,,,312,,0.0,,0.0,,0.0
,,,,,,,,313,,0.0,,0.0,,0.0
,,,,,,,,314,,0.0,,0.0,,0.0
,,,,,,,,315,,0.0,,0.0,,0.0
,,,,,,,,316,,0.0,,0.0,,0.0
,,,,,,,,317,,0.0,,0.0,,0.0
,,,,,,,,318,,0.0,,0.0,,0.0
,,,,,,,,319,,0.0,,0.0,,0.0
,,,,,,,,320,,0.0,,0.0,,0.0
,,,,,,,,321,,0.0,,0.0,,0.0
13,,,,,,,,769,0.0,,0.0,,0.0,
13,0.28130418062210083,,0.7493794560432434,,9.361363410949707,,,769,,,,,,
14,,0.2703470289707184,,0.733237624168396,,9.25,0.0004772579704876989,799,,,,,,
,,,,,,,,322,,0.0,,0.0,,0.0
,,,,,,,,323,,0.0,,0.0,,0.0
,,,,,,,,324,,0.0,,0.0,,0.0
,,,,,,,,325,,0.0,,0.0,,0.0
,,,,,,,,326,,0.0,,0.0,,0.0
,,,,,,,,327,,0.0,,0.0,,0.0
,,,,,,,,328,,0.0,,0.0,,0.0
,,,,,,,,329,,0.0,,0.0,,0.0
,,,,,,,,330,,0.0,,0.0,,0.0
,,,,,,,,331,,0.0,,0.0,,0.0
,,,,,,,,332,,0.0,,0.0,,0.0
,,,,,,,,333,,0.0,,0.0,,0.0
,,,,,,,,334,,0.0,,0.0,,0.0
,,,,,,,,335,,0.0,,0.0,,0.0
,,,,,,,,336,,0.0,,0.0,,0.0
,,,,,,,,337,,0.0,,0.0,,0.0
,,,,,,,,338,,0.0,,0.0,,0.0
,,,,,,,,339,,0.0,,0.0,,0.0
,,,,,,,,340,,0.0,,0.0,,0.0
,,,,,,,,341,,0.0,,0.0,,0.0
,,,,,,,,342,,0.0,,0.0,,0.0
,,,,,,,,343,,0.0,,0.0,,0.0
,,,,,,,,344,,0.0,,0.0,,0.0
14,,,,,,,,824,0.0,,0.0,,0.0,
14,0.27442821860313416,,0.7261328101158142,,9.03636360168457,,,824,,,,,,
15,,0.2740444540977478,,0.7115444540977478,,8.75,0.00047415835433639586,849,,,,,,
,,,,,,,,345,,0.0,,0.0,,0.0
,,,,,,,,346,,0.0,,0.0,,0.0
,,,,,,,,347,,0.0,,0.0,,0.0
,,,,,,,,348,,0.0,,0.0,,0.0
,,,,,,,,349,,0.0,,0.0,,0.0
,,,,,,,,350,,0.0,,0.0,,0.0
,,,,,,,,351,,0.0,,0.0,,0.0
,,,,,,,,352,,0.0,,0.0,,0.0
,,,,,,,,353,,0.0,,0.0,,0.0
,,,,,,,,354,,0.0,,0.0,,0.0
,,,,,,,,355,,0.0,,0.0,,0.0
,,,,,,,,356,,0.0,,0.0,,0.0
,,,,,,,,357,,0.0,,0.0,,0.0
,,,,,,,,358,,0.0,,0.0,,0.0
,,,,,,,,359,,0.0,,0.0,,0.0
,,,,,,,,360,,0.0,,0.0,,0.0
,,,,,,,,361,,0.0,,0.0,,0.0
,,,,,,,,362,,0.0,,0.0,,0.0
,,,,,,,,363,,0.0,,0.0,,0.0
,,,,,,,,364,,0.0,,0.0,,0.0
,,,,,,,,365,,0.0,,0.0,,0.0
,,,,,,,,366,,0.0,,0.0,,0.0
,,,,,,,,367,,0.0,,0.0,,0.0
15,,,,,,,,879,0.0,,0.0,,0.0,
15,0.2736996114253998,,0.7151414155960083,,8.827272415161133,,,879,,,,,,
16,,0.2761620283126831,,0.7078026533126831,,8.625,0.00047087218263186514,899,,,,,,
,,,,,,,,368,,0.0,,0.0,,0.0
,,,,,,,,369,,0.0,,0.0,,0.0
,,,,,,,,370,,0.0,,0.0,,0.0
,,,,,,,,371,,0.0,,0.0,,0.0
,,,,,,,,372,,0.0,,0.0,,0.0
,,,,,,,,373,,0.0,,0.0,,0.0
,,,,,,,,374,,0.0,,0.0,,0.0
,,,,,,,,375,,0.0,,0.0,,0.0
,,,,,,,,376,,0.0,,0.0,,0.0
,,,,,,,,377,,0.0,,0.0,,0.0
,,,,,,,,378,,0.0,,0.0,,0.0
,,,,,,,,379,,0.0,,0.0,,0.0
,,,,,,,,380,,0.0,,0.0,,0.0
,,,,,,,,381,,0.0,,0.0,,0.0
,,,,,,,,382,,0.0,,0.0,,0.0
,,,,,,,,383,,0.0,,0.0,,0.0
,,,,,,,,384,,0.0,,0.0,,0.0
,,,,,,,,385,,0.0,,0.0,,0.0
,,,,,,,,386,,0.0,,0.0,,0.0
,,,,,,,,387,,0.0,,0.0,,0.0
,,,,,,,,388,,0.0,,0.0,,0.0
,,,,,,,,389,,0.0,,0.0,,0.0
,,,,,,,,390,,0.0,,0.0,,0.0
16,,,,,,,,934,0.0,,0.0,,0.0,
16,0.2693268060684204,,0.6959604620933533,,8.53125,,,934,,,,,,
17,,0.2559964954853058,,0.6720120906829834,,8.3125,0.00046740222023800015,949,,,,,,
,,,,,,,,391,,0.0,,0.0,,0.0
,,,,,,,,392,,0.0,,0.0,,0.0
,,,,,,,,393,,0.0,,0.0,,0.0
,,,,,,,,394,,0.0,,0.0,,0.0
,,,,,,,,395,,0.0,,0.0,,0.0
,,,,,,,,396,,0.0,,0.0,,0.0
,,,,,,,,397,,0.0,,0.0,,0.0
,,,,,,,,398,,0.0,,0.0,,0.0
,,,,,,,,399,,0.0,,0.0,,0.0
,,,,,,,,400,,0.0,,0.0,,0.0
,,,,,,,,401,,0.0,,0.0,,0.0
,,,,,,,,402,,0.0,,0.0,,0.0
,,,,,,,,403,,0.0,,0.0,,0.0
,,,,,,,,404,,0.0,,0.0,,0.0
,,,,,,,,405,,0.0,,0.0,,0.0
,,,,,,,,406,,0.0,,0.0,,0.0
,,,,,,,,407,,0.0,,0.0,,0.0
,,,,,,,,408,,0.0,,0.0,,0.0
,,,,,,,,409,,0.0,,0.0,,0.0
,,,,,,,,410,,0.0,,0.0,,0.0
,,,,,,,,411,,0.0,,0.0,,0.0
,,,,,,,,412,,0.0,,0.0,,0.0
,,,,,,,,413,,0.0,,0.0,,0.0
17,,,,,,,,989,0.0,,0.0,,0.0,
17,0.26520848274230957,,0.6789515614509583,,8.273863792419434,,,989,,,,,,
18,,0.2860625684261322,,0.6708282232284546,,7.6875,0.0004637513484340161,999,,,,,,
,,,,,,,,414,,0.0,,0.0,,0.0
,,,,,,,,415,,0.0,,0.0,,0.0
,,,,,,,,416,,0.0,,0.0,,0.0
,,,,,,,,417,,0.0,,0.0,,0.0
,,,,,,,,418,,0.0,,0.0,,0.0
,,,,,,,,419,,0.0,,0.0,,0.0
,,,,,,,,420,,0.0,,0.0,,0.0
,,,,,,,,421,,0.0,,0.0,,0.0
,,,,,,,,422,,0.0,,0.0,,0.0
,,,,,,,,423,,0.0,,0.0,,0.0
,,,,,,,,424,,0.0,,0.0,,0.0
,,,,,,,,425,,0.0,,0.0,,0.0
,,,,,,,,426,,0.0,,0.0,,0.0
,,,,,,,,427,,0.0,,0.0,,0.0
,,,,,,,,428,,0.0,,0.0,,0.0
,,,,,,,,429,,0.0,,0.0,,0.0
,,,,,,,,430,,0.0,,0.0,,0.0
,,,,,,,,431,,0.0,,0.0,,0.0
,,,,,,,,432,,0.0,,0.0,,0.0
,,,,,,,,433,,0.0,,0.0,,0.0
,,,,,,,,434,,0.0,,0.0,,0.0
,,,,,,,,435,,0.0,,0.0,,0.0
,,,,,,,,436,,0.0,,0.0,,0.0
18,,,,,,,,1044,0.0,,0.0,,0.0,
18,0.26344215869903564,,0.6704733967781067,,8.141477584838867,,,1044,,,,,,
19,,0.25972455739974976,,0.6718339323997498,,8.25,0.0004599225940182805,1049,,,,,,
19,,0.2656881511211395,,0.6524069309234619,,7.75,0.0004559191584121436,1099,,,,,,
,,,,,,,,437,,0.0,,0.0,,0.0
,,,,,,,,438,,0.0,,0.0,,0.0
,,,,,,,,439,,0.0,,0.0,,0.0
,,,,,,,,440,,0.0,,0.0,,0.0
,,,,,,,,441,,0.0,,0.0,,0.0
,,,,,,,,442,,0.0,,0.0,,0.0
,,,,,,,,443,,0.0,,0.0,,0.0
,,,,,,,,444,,0.0,,0.0,,0.0
,,,,,,,,445,,0.0,,0.0,,0.0
,,,,,,,,446,,0.0,,0.0,,0.0
,,,,,,,,447,,0.0,,0.0,,0.0
,,,,,,,,448,,0.0,,0.0,,0.0
,,,,,,,,449,,0.0,,0.0,,0.0
,,,,,,,,450,,0.0,,0.0,,0.0
,,,,,,,,451,,0.0,,0.0,,0.0
,,,,,,,,452,,0.0,,0.0,,0.0
,,,,,,,,453,,0.0,,0.0,,0.0
,,,,,,,,454,,0.0,,0.0,,0.0
,,,,,,,,455,,0.0,,0.0,,0.0
,,,,,,,,456,,0.0,,0.0,,0.0
,,,,,,,,457,,0.0,,0.0,,0.0
,,,,,,,,458,,0.0,,0.0,,0.0
,,,,,,,,459,,0.0,,0.0,,0.0
19,,,,,,,,1099,0.0,,0.0,,0.0,
19,0.259898841381073,,0.6610707640647888,,8.027840614318848,,,1099,,,,,,
20,,0.2571006417274475,,0.6535850167274475,,7.9375,0.00045174433034844697,1149,,,,,,
,,,,,,,,460,,0.0,,0.0,,0.0
,,,,,,,,461,,0.0,,0.0,,0.0
,,,,,,,,462,,0.0,,0.0,,0.0
,,,,,,,,463,,0.0,,0.0,,0.0
,,,,,,,,464,,0.0,,0.0,,0.0
,,,,,,,,465,,0.0,,0.0,,0.0
,,,,,,,,466,,0.0,,0.0,,0.0
,,,,,,,,467,,0.0,,0.0,,0.0
,,,,,,,,468,,0.0,,0.0,,0.0
,,,,,,,,469,,0.0,,0.0,,0.0
,,,,,,,,470,,0.0,,0.0,,0.0
,,,,,,,,471,,0.0,,0.0,,0.0
,,,,,,,,472,,0.0,,0.0,,0.0
,,,,,,,,473,,0.0,,0.0,,0.0
,,,,,,,,474,,0.0,,0.0,,0.0
,,,,,,,,475,,0.0,,0.0,,0.0
,,,,,,,,476,,0.0,,0.0,,0.0
,,,,,,,,477,,0.0,,0.0,,0.0
,,,,,,,,478,,0.0,,0.0,,0.0
,,,,,,,,479,,0.0,,0.0,,0.0
,,,,,,,,480,,0.0,,0.0,,0.0
,,,,,,,,481,,0.0,,0.0,,0.0
,,,,,,,,482,,0.0,,0.0,,0.0
20,,,,,,,,1154,0.0,,0.0,,0.0,
20,0.2595199644565582,,0.6547970175743103,,7.907386302947998,,,1154,,,,,,
21,,0.26770102977752686,,0.6466072797775269,,7.59375,0.0004474016313906759,1199,,,,,,
,,,,,,,,483,,0.0,,0.0,,0.0
,,,,,,,,484,,0.0,,0.0,,0.0
,,,,,,,,485,,0.0,,0.0,,0.0
,,,,,,,,486,,0.0,,0.0,,0.0
,,,,,,,,487,,0.0,,0.0,,0.0
,,,,,,,,488,,0.0,,0.0,,0.0
,,,,,,,,489,,0.0,,0.0,,0.0
,,,,,,,,490,,0.0,,0.0,,0.0
,,,,,,,,491,,0.0,,0.0,,0.0
,,,,,,,,492,,0.0,,0.0,,0.0
,,,,,,,,493,,0.0,,0.0,,0.0
,,,,,,,,494,,0.0,,0.0,,0.0
,,,,,,,,495,,0.0,,0.0,,0.0
,,,,,,,,496,,0.0,,0.0,,0.0
,,,,,,,,497,,0.0,,0.0,,0.0
,,,,,,,,498,,0.0,,0.0,,0.0
,,,,,,,,499,,0.0,,0.0,,0.0
,,,,,,,,500,,0.0,,0.0,,0.0
,,,,,,,,501,,0.0,,0.0,,0.0
,,,,,,,,502,,0.0,,0.0,,0.0
,,,,,,,,503,,0.0,,0.0,,0.0
,,,,,,,,504,,0.0,,0.0,,0.0
,,,,,,,,505,,0.0,,0.0,,0.0
21,,,,,,,,1209,0.0,,0.0,,0.0,
21,0.2568298280239105,,0.6365174055099487,,7.595454692840576,,,1209,,,,,,
22,,0.26935040950775146,,0.6619285345077515,,7.84375,0.00044289467041380703,1249,,,,,,
,,,,,,,,506,,0.0,,0.0,,0.0
,,,,,,,,507,,0.0,,0.0,,0.0
,,,,,,,,508,,0.0,,0.0,,0.0
,,,,,,,,509,,0.0,,0.0,,0.0
,,,,,,,,510,,0.0,,0.0,,0.0
,,,,,,,,511,,0.0,,0.0,,0.0
,,,,,,,,512,,0.0,,0.0,,0.0
,,,,,,,,513,,0.0,,0.0,,0.0
,,,,,,,,514,,0.0,,0.0,,0.0
,,,,,,,,515,,0.0,,0.0,,0.0
,,,,,,,,516,,0.0,,0.0,,0.0
,,,,,,,,517,,0.0,,0.0,,0.0
,,,,,,,,518,,0.0,,0.0,,0.0
,,,,,,,,519,,0.0,,0.0,,0.0
,,,,,,,,520,,0.0,,0.0,,0.0
,,,,,,,,521,,0.0,,0.0,,0.0
,,,,,,,,522,,0.0,,0.0,,0.0
,,,,,,,,523,,0.0,,0.0,,0.0
,,,,,,,,524,,0.0,,0.0,,0.0
,,,,,,,,525,,0.0,,0.0,,0.0
,,,,,,,,526,,0.0,,0.0,,0.0
,,,,,,,,527,,0.0,,0.0,,0.0
,,,,,,,,528,,0.0,,0.0,,0.0
22,,,,,,,,1264,0.0,,0.0,,0.0,
22,0.2540494501590729,,0.6287299990653992,,7.49545431137085,,,1264,,,,,,
23,,0.2445797324180603,,0.6215328574180603,,7.53125,0.0004382272018119693,1299,,,,,,
,,,,,,,,529,,0.0,,0.0,,0.0
,,,,,,,,530,,0.0,,0.0,,0.0
,,,,,,,,531,,0.0,,0.0,,0.0
,,,,,,,,532,,0.0,,0.0,,0.0
,,,,,,,,533,,0.0,,0.0,,0.0
,,,,,,,,534,,0.0,,0.0,,0.0
,,,,,,,,535,,0.0,,0.0,,0.0
,,,,,,,,536,,0.0,,0.0,,0.0
,,,,,,,,537,,0.0,,0.0,,0.0
,,,,,,,,538,,0.0,,0.0,,0.0
,,,,,,,,539,,0.0,,0.0,,0.0
,,,,,,,,540,,0.0,,0.0,,0.0
,,,,,,,,541,,0.0,,0.0,,0.0
,,,,,,,,542,,0.0,,0.0,,0.0
,,,,,,,,543,,0.0,,0.0,,0.0
,,,,,,,,544,,0.0,,0.0,,0.0
,,,,,,,,545,,0.0,,0.0,,0.0
,,,,,,,,546,,0.0,,0.0,,0.0
,,,,,,,,547,,0.0,,0.0,,0.0
,,,,,,,,548,,0.0,,0.0,,0.0
,,,,,,,,549,,0.0,,0.0,,0.0
,,,,,,,,550,,0.0,,0.0,,0.0
,,,,,,,,551,,0.0,,0.0,,0.0
23,,,,,,,,1319,0.0,,0.0,,0.0,
23,0.2521877586841583,,0.6232816576957703,,7.421022891998291,,,1319,,,,,,
24,,0.2703750729560852,,0.6336563229560852,,7.28125,0.00043340306729078293,1349,,,,,,
,,,,,,,,552,,0.0,,0.0,,0.0
,,,,,,,,553,,0.0,,0.0,,0.0
,,,,,,,,554,,0.0,,0.0,,0.0
,,,,,,,,555,,0.0,,0.0,,0.0
,,,,,,,,556,,0.0,,0.0,,0.0
,,,,,,,,557,,0.0,,0.0,,0.0
,,,,,,,,558,,0.0,,0.0,,0.0
,,,,,,,,559,,0.0,,0.0,,0.0
,,,,,,,,560,,0.0,,0.0,,0.0
,,,,,,,,561,,0.0,,0.0,,0.0
,,,,,,,,562,,0.0,,0.0,,0.0
,,,,,,,,563,,0.0,,0.0,,0.0
,,,,,,,,564,,0.0,,0.0,,0.0
,,,,,,,,565,,0.0,,0.0,,0.0
,,,,,,,,566,,0.0,,0.0,,0.0
,,,,,,,,567,,0.0,,0.0,,0.0
,,,,,,,,568,,0.0,,0.0,,0.0
,,,,,,,,569,,0.0,,0.0,,0.0
,,,,,,,,570,,0.0,,0.0,,0.0
,,,,,,,,571,,0.0,,0.0,,0.0
,,,,,,,,572,,0.0,,0.0,,0.0
,,,,,,,,573,,0.0,,0.0,,0.0
,,,,,,,,574,,0.0,,0.0,,0.0
24,,,,,,,,1374,0.0,,0.0,,0.0,
24,0.2521965205669403,,0.6187092661857605,,7.328409194946289,,,1374,,,,,,
25,,0.2735072672367096,,0.6446009874343872,,7.4375,0.00042842631228268147,1399,,,,,,
,,,,,,,,575,,0.0,,0.0,,0.0
,,,,,,,,576,,0.0,,0.0,,0.0
,,,,,,,,577,,0.0,,0.0,,0.0
,,,,,,,,578,,0.0,,0.0,,0.0
,,,,,,,,579,,0.0,,0.0,,0.0
,,,,,,,,580,,0.0,,0.0,,0.0
,,,,,,,,581,,0.0,,0.0,,0.0
,,,,,,,,582,,0.0,,0.0,,0.0
,,,,,,,,583,,0.0,,0.0,,0.0
,,,,,,,,584,,0.0,,0.0,,0.0
,,,,,,,,585,,0.0,,0.0,,0.0
,,,,,,,,586,,0.0,,0.0,,0.0
,,,,,,,,587,,0.0,,0.0,,0.0
,,,,,,,,588,,0.0,,0.0,,0.0
,,,,,,,,589,,0.0,,0.0,,0.0
,,,,,,,,590,,0.0,,0.0,,0.0
,,,,,,,,591,,0.0,,0.0,,0.0
,,,,,,,,592,,0.0,,0.0,,0.0
,,,,,,,,593,,0.0,,0.0,,0.0
,,,,,,,,594,,0.0,,0.0,,0.0
,,,,,,,,595,,0.0,,0.0,,0.0
,,,,,,,,596,,0.0,,0.0,,0.0
,,,,,,,,597,,0.0,,0.0,,0.0
25,,,,,,,,1429,0.0,,0.0,,0.0,
25,0.2498815357685089,,0.6103573441505432,,7.212500095367432,,,1429,,,,,,
26,,0.2345258593559265,,0.5860883593559265,,7.03125,0.00042330106953158975,1449,,,,,,
,,,,,,,,598,,0.0,,0.0,,0.0
,,,,,,,,599,,0.0,,0.0,,0.0
,,,,,,,,600,,0.0,,0.0,,0.0
,,,,,,,,601,,0.0,,0.0,,0.0
,,,,,,,,602,,0.0,,0.0,,0.0
,,,,,,,,603,,0.0,,0.0,,0.0
,,,,,,,,604,,0.0,,0.0,,0.0
,,,,,,,,605,,0.0,,0.0,,0.0
,,,,,,,,606,,0.0,,0.0,,0.0
,,,,,,,,607,,0.0,,0.0,,0.0
,,,,,,,,608,,0.0,,0.0,,0.0
,,,,,,,,609,,0.0,,0.0,,0.0
,,,,,,,,610,,0.0,,0.0,,0.0
,,,,,,,,611,,0.0,,0.0,,0.0
,,,,,,,,612,,0.0,,0.0,,0.0
,,,,,,,,613,,0.0,,0.0,,0.0
,,,,,,,,614,,0.0,,0.0,,0.0
,,,,,,,,615,,0.0,,0.0,,0.0
,,,,,,,,616,,0.0,,0.0,,0.0
,,,,,,,,617,,0.0,,0.0,,0.0
,,,,,,,,618,,0.0,,0.0,,0.0
,,,,,,,,619,,0.0,,0.0,,0.0
,,,,,,,,620,,0.0,,0.0,,0.0
26,,,,,,,,1484,0.0,,0.0,,0.0,
26,0.246225506067276,,0.6051033735275269,,7.177272796630859,,,1484,,,,,,
27,,0.21988365054130554,,0.5870711803436279,,7.34375,0.00041803164640441537,1499,,,,,,
,,,,,,,,621,,0.0,,0.0,,0.0
,,,,,,,,622,,0.0,,0.0,,0.0
,,,,,,,,623,,0.0,,0.0,,0.0
,,,,,,,,624,,0.0,,0.0,,0.0
,,,,,,,,625,,0.0,,0.0,,0.0
,,,,,,,,626,,0.0,,0.0,,0.0
,,,,,,,,627,,0.0,,0.0,,0.0
,,,,,,,,628,,0.0,,0.0,,0.0
,,,,,,,,629,,0.0,,0.0,,0.0
,,,,,,,,630,,0.0,,0.0,,0.0
,,,,,,,,631,,0.0,,0.0,,0.0
,,,,,,,,632,,0.0,,0.0,,0.0
,,,,,,,,633,,0.0,,0.0,,0.0
,,,,,,,,634,,0.0,,0.0,,0.0
,,,,,,,,635,,0.0,,0.0,,0.0
,,,,,,,,636,,0.0,,0.0,,0.0
,,,,,,,,637,,0.0,,0.0,,0.0
,,,,,,,,638,,0.0,,0.0,,0.0
,,,,,,,,639,,0.0,,0.0,,0.0
,,,,,,,,640,,0.0,,0.0,,0.0
,,,,,,,,641,,0.0,,0.0,,0.0
,,,,,,,,642,,0.0,,0.0,,0.0
,,,,,,,,643,,0.0,,0.0,,0.0
27,,,,,,,,1539,0.0,,0.0,,0.0,
27,0.24516497552394867,,0.5953426957130432,,7.002272605895996,,,1539,,,,,,
28,,0.242742657661438,,0.598211407661438,,7.125,0.00041262235026806593,1549,,,,,,
,,,,,,,,644,,0.0,,0.0,,0.0
,,,,,,,,645,,0.0,,0.0,,0.0
,,,,,,,,646,,0.0,,0.0,,0.0
,,,,,,,,647,,0.0,,0.0,,0.0
,,,,,,,,648,,0.0,,0.0,,0.0
,,,,,,,,649,,0.0,,0.0,,0.0
,,,,,,,,650,,0.0,,0.0,,0.0
,,,,,,,,651,,0.0,,0.0,,0.0
,,,,,,,,652,,0.0,,0.0,,0.0
,,,,,,,,653,,0.0,,0.0,,0.0
,,,,,,,,654,,0.0,,0.0,,0.0
,,,,,,,,655,,0.0,,0.0,,0.0
,,,,,,,,656,,0.0,,0.0,,0.0
,,,,,,,,657,,0.0,,0.0,,0.0
,,,,,,,,658,,0.0,,0.0,,0.0
,,,,,,,,659,,0.0,,0.0,,0.0
,,,,,,,,660,,0.0,,0.0,,0.0
,,,,,,,,661,,0.0,,0.0,,0.0
,,,,,,,,662,,0.0,,0.0,,0.0
,,,,,,,,663,,0.0,,0.0,,0.0
,,,,,,,,664,,0.0,,0.0,,0.0
,,,,,,,,665,,0.0,,0.0,,0.0
,,,,,,,,666,,0.0,,0.0,,0.0
28,,,,,,,,1594,0.0,,0.0,,0.0,
28,0.2419164478778839,,0.5821863412857056,,6.805113792419434,,,1594,,,,,,
29,,0.21490679681301117,,0.5606099367141724,,6.90625,0.00040707775042392313,1599,,,,,,
29,,0.23264670372009277,,0.5744435787200928,,6.84375,0.0004014024161733687,1649,,,,,,
,,,,,,,,667,,0.0,,0.0,,0.0
,,,,,,,,668,,0.0,,0.0,,0.0
,,,,,,,,669,,0.0,,0.0,,0.0
,,,,,,,,670,,0.0,,0.0,,0.0
,,,,,,,,671,,0.0,,0.0,,0.0
,,,,,,,,672,,0.0,,0.0,,0.0
,,,,,,,,673,,0.0,,0.0,,0.0
,,,,,,,,674,,0.0,,0.0,,0.0
,,,,,,,,675,,0.0,,0.0,,0.0
,,,,,,,,676,,0.0,,0.0,,0.0
,,,,,,,,677,,0.0,,0.0,,0.0
,,,,,,,,678,,0.0,,0.0,,0.0
,,,,,,,,679,,0.0,,0.0,,0.0
,,,,,,,,680,,0.0,,0.0,,0.0
,,,,,,,,681,,0.0,,0.0,,0.0
,,,,,,,,682,,0.0,,0.0,,0.0
,,,,,,,,683,,0.0,,0.0,,0.0
,,,,,,,,684,,0.0,,0.0,,0.0
,,,,,,,,685,,0.0,,0.0,,0.0
,,,,,,,,686,,0.0,,0.0,,0.0
,,,,,,,,687,,0.0,,0.0,,0.0
,,,,,,,,688,,0.0,,0.0,,0.0
,,,,,,,,689,,0.0,,0.0,,0.0
29,,,,,,,,1649,0.0,,0.0,,0.0,
29,0.2395390272140503,,0.5722094178199768,,6.652272701263428,,,1649,,,,,,
30,,0.24068479239940643,,0.5649035573005676,,6.5,0.00039560109144076705,1699,,,,,,
,,,,,,,,690,,0.0,,0.0,,0.0
,,,,,,,,691,,0.0,,0.0,,0.0
,,,,,,,,692,,0.0,,0.0,,0.0
,,,,,,,,693,,0.0,,0.0,,0.0
,,,,,,,,694,,0.0,,0.0,,0.0
,,,,,,,,695,,0.0,,0.0,,0.0
,,,,,,,,696,,0.0,,0.0,,0.0
,,,,,,,,697,,0.0,,0.0,,0.0
,,,,,,,,698,,0.0,,0.0,,0.0
,,,,,,,,699,,0.0,,0.0,,0.0
,,,,,,,,700,,0.0,,0.0,,0.0
,,,,,,,,701,,0.0,,0.0,,0.0
,,,,,,,,702,,0.0,,0.0,,0.0
,,,,,,,,703,,0.0,,0.0,,0.0
,,,,,,,,704,,0.0,,0.0,,0.0
,,,,,,,,705,,0.0,,0.0,,0.0
,,,,,,,,706,,0.0,,0.0,,0.0
,,,,,,,,707,,0.0,,0.0,,0.0
,,,,,,,,708,,0.0,,0.0,,0.0
,,,,,,,,709,,0.0,,0.0,,0.0
,,,,,,,,710,,0.0,,0.0,,0.0
,,,,,,,,711,,0.0,,0.0,,0.0
,,,,,,,,712,,0.0,,0.0,,0.0
30,,,,,,,,1704,0.0,,0.0,,0.0,
30,0.2397046983242035,,0.5696763396263123,,6.599999904632568,,,1704,,,,,,
31,,0.24743729829788208,,0.5657966732978821,,6.375,0.000389678607461974,1749,,,,,,
,,,,,,,,713,,0.0,,0.0,,0.0
,,,,,,,,714,,0.0,,0.0,,0.0
,,,,,,,,715,,0.0,,0.0,,0.0
,,,,,,,,716,,0.0,,0.0,,0.0
,,,,,,,,717,,0.0,,0.0,,0.0
,,,,,,,,718,,0.0,,0.0,,0.0
,,,,,,,,719,,0.0,,0.0,,0.0
,,,,,,,,720,,0.0,,0.0,,0.0
,,,,,,,,721,,0.0,,0.0,,0.0
,,,,,,,,722,,0.0,,0.0,,0.0
,,,,,,,,723,,0.0,,0.0,,0.0
,,,,,,,,724,,0.0,,0.0,,0.0
,,,,,,,,725,,0.0,,0.0,,0.0
,,,,,,,,726,,0.0,,0.0,,0.0
,,,,,,,,727,,0.0,,0.0,,0.0
,,,,,,,,728,,0.0,,0.0,,0.0
,,,,,,,,729,,0.0,,0.0,,0.0
,,,,,,,,730,,0.0,,0.0,,0.0
,,,,,,,,731,,0.0,,0.0,,0.0
,,,,,,,,732,,0.0,,0.0,,0.0
,,,,,,,,733,,0.0,,0.0,,0.0
,,,,,,,,734,,0.0,,0.0,,0.0
,,,,,,,,735,,0.0,,0.0,,0.0
31,,,,,,,,1759,0.0,,0.0,,0.0,
31,0.23804239928722382,,0.5649600028991699,,6.5392045974731445,,,1759,,,,,,
32,,0.225274920463562,,0.549493670463562,,6.5,0.00038363991188816726,1799,,,,,,
,,,,,,,,736,,0.0,,0.0,,0.0
,,,,,,,,737,,0.0,,0.0,,0.0
,,,,,,,,738,,0.0,,0.0,,0.0
,,,,,,,,739,,0.0,,0.0,,0.0
,,,,,,,,740,,0.0,,0.0,,0.0
,,,,,,,,741,,0.0,,0.0,,0.0
,,,,,,,,742,,0.0,,0.0,,0.0
,,,,,,,,743,,0.0,,0.0,,0.0
,,,,,,,,744,,0.0,,0.0,,0.0
,,,,,,,,745,,0.0,,0.0,,0.0
,,,,,,,,746,,0.0,,0.0,,0.0
,,,,,,,,747,,0.0,,0.0,,0.0
,,,,,,,,748,,0.0,,0.0,,0.0
,,,,,,,,749,,0.0,,0.0,,0.0
,,,,,,,,750,,0.0,,0.0,,0.0
,,,,,,,,751,,0.0,,0.0,,0.0
,,,,,,,,752,,0.0,,0.0,,0.0
,,,,,,,,753,,0.0,,0.0,,0.0
,,,,,,,,754,,0.0,,0.0,,0.0
,,,,,,,,755,,0.0,,0.0,,0.0
,,,,,,,,756,,0.0,,0.0,,0.0
,,,,,,,,757,,0.0,,0.0,,0.0
,,,,,,,,758,,0.0,,0.0,,0.0
32,,,,,,,,1814,0.0,,0.0,,0.0,
32,0.23511801660060883,,0.5557857155799866,,6.41136360168457,,,1814,,,,,,
33,,0.22778216004371643,,0.559813380241394,,6.65625,0.00037748998147435486,1849,,,,,,
,,,,,,,,759,,0.0,,0.0,,0.0
,,,,,,,,760,,0.0,,0.0,,0.0
,,,,,,,,761,,0.0,,0.0,,0.0
,,,,,,,,762,,0.0,,0.0,,0.0
,,,,,,,,763,,0.0,,0.0,,0.0
,,,,,,,,764,,0.0,,0.0,,0.0
,,,,,,,,765,,0.0,,0.0,,0.0
,,,,,,,,766,,0.0,,0.0,,0.0
,,,,,,,,767,,0.0,,0.0,,0.0
,,,,,,,,768,,0.0,,0.0,,0.0
,,,,,,,,769,,0.0,,0.0,,0.0
,,,,,,,,770,,0.0,,0.0,,0.0
,,,,,,,,771,,0.0,,0.0,,0.0
,,,,,,,,772,,0.0,,0.0,,0.0
,,,,,,,,773,,0.0,,0.0,,0.0
,,,,,,,,774,,0.0,,0.0,,0.0
,,,,,,,,775,,0.0,,0.0,,0.0
,,,,,,,,776,,0.0,,0.0,,0.0
,,,,,,,,777,,0.0,,0.0,,0.0
,,,,,,,,778,,0.0,,0.0,,0.0
,,,,,,,,779,,0.0,,0.0,,0.0
,,,,,,,,780,,0.0,,0.0,,0.0
,,,,,,,,781,,0.0,,0.0,,0.0
33,,,,,,,,1869,0.0,,0.0,,0.0,
33,0.23173245787620544,,0.5509796738624573,,6.388068199157715,,,1869,,,,,,
34,,0.24509212374687195,,0.5536859035491943,,6.1875,0.0003712339384946972,1899,,,,,,
,,,,,,,,782,,0.0,,0.0,,0.0
,,,,,,,,783,,0.0,,0.0,,0.0
,,,,,,,,784,,0.0,,0.0,,0.0
,,,,,,,,785,,0.0,,0.0,,0.0
,,,,,,,,786,,0.0,,0.0,,0.0
,,,,,,,,787,,0.0,,0.0,,0.0
,,,,,,,,788,,0.0,,0.0,,0.0
,,,,,,,,789,,0.0,,0.0,,0.0
,,,,,,,,790,,0.0,,0.0,,0.0
,,,,,,,,791,,0.0,,0.0,,0.0
,,,,,,,,792,,0.0,,0.0,,0.0
,,,,,,,,793,,0.0,,0.0,,0.0
,,,,,,,,794,,0.0,,0.0,,0.0
,,,,,,,,795,,0.0,,0.0,,0.0
,,,,,,,,796,,0.0,,0.0,,0.0
,,,,,,,,797,,0.0,,0.0,,0.0
,,,,,,,,798,,0.0,,0.0,,0.0
,,,,,,,,799,,0.0,,0.0,,0.0
,,,,,,,,800,,0.0,,0.0,,0.0
,,,,,,,,801,,0.0,,0.0,,0.0
,,,,,,,,802,,0.0,,0.0,,0.0
,,,,,,,,803,,0.0,,0.0,,0.0
,,,,,,,,804,,0.0,,0.0,,0.0
34,,,,,,,,1924,0.0,,0.0,,0.0,
34,0.2301606684923172,,0.5425541400909424,,6.246591091156006,,,1924,,,,,,
35,,0.22428148984909058,,0.5426408648490906,,6.375,0.0003648770216386765,1949,,,,,,
,,,,,,,,805,,0.0,,0.0,,0.0
,,,,,,,,806,,0.0,,0.0,,0.0
,,,,,,,,807,,0.0,,0.0,,0.0
,,,,,,,,808,,0.0,,0.0,,0.0
,,,,,,,,809,,0.0,,0.0,,0.0
,,,,,,,,810,,0.0,,0.0,,0.0
,,,,,,,,811,,0.0,,0.0,,0.0
,,,,,,,,812,,0.0,,0.0,,0.0
,,,,,,,,813,,0.0,,0.0,,0.0
,,,,,,,,814,,0.0,,0.0,,0.0
,,,,,,,,815,,0.0,,0.0,,0.0
,,,,,,,,816,,0.0,,0.0,,0.0
,,,,,,,,817,,0.0,,0.0,,0.0
,,,,,,,,818,,0.0,,0.0,,0.0
,,,,,,,,819,,0.0,,0.0,,0.0
,,,,,,,,820,,0.0,,0.0,,0.0
,,,,,,,,821,,0.0,,0.0,,0.0
,,,,,,,,822,,0.0,,0.0,,0.0
,,,,,,,,823,,0.0,,0.0,,0.0
,,,,,,,,824,,0.0,,0.0,,0.0
,,,,,,,,825,,0.0,,0.0,,0.0
,,,,,,,,826,,0.0,,0.0,,0.0
,,,,,,,,827,,0.0,,0.0,,0.0
35,,,,,,,,1979,0.0,,0.0,,0.0,
35,0.22971811890602112,,0.5362522602081299,,6.128977298736572,,,1979,,,,,,
36,,0.21149101853370667,,0.5142253637313843,,6.0625,0.0003584245278034359,1999,,,,,,
,,,,,,,,828,,0.0,,0.0,,0.0
,,,,,,,,829,,0.0,,0.0,,0.0
,,,,,,,,830,,0.0,,0.0,,0.0
,,,,,,,,831,,0.0,,0.0,,0.0
,,,,,,,,832,,0.0,,0.0,,0.0
,,,,,,,,833,,0.0,,0.0,,0.0
,,,,,,,,834,,0.0,,0.0,,0.0
,,,,,,,,835,,0.0,,0.0,,0.0
,,,,,,,,836,,0.0,,0.0,,0.0
,,,,,,,,837,,0.0,,0.0,,0.0
,,,,,,,,838,,0.0,,0.0,,0.0
,,,,,,,,839,,0.0,,0.0,,0.0
,,,,,,,,840,,0.0,,0.0,,0.0
,,,,,,,,841,,0.0,,0.0,,0.0
,,,,,,,,842,,0.0,,0.0,,0.0
,,,,,,,,843,,0.0,,0.0,,0.0
,,,,,,,,844,,0.0,,0.0,,0.0
,,,,,,,,845,,0.0,,0.0,,0.0
,,,,,,,,846,,0.0,,0.0,,0.0
,,,,,,,,847,,0.0,,0.0,,0.0
,,,,,,,,848,,0.0,,0.0,,0.0
,,,,,,,,849,,0.0,,0.0,,0.0
,,,,,,,,850,,0.0,,0.0,,0.0
36,,,,,,,,2034,0.0,,0.0,,0.0,
36,0.22506512701511383,,0.5270537734031677,,6.040909290313721,,,2034,,,,,,
37,,0.2096942961215973,,0.5085223913192749,,5.96875,0.000351881782989949,2049,,,,,,
,,,,,,,,851,,0.0,,0.0,,0.0
,,,,,,,,852,,0.0,,0.0,,0.0
,,,,,,,,853,,0.0,,0.0,,0.0
,,,,,,,,854,,0.0,,0.0,,0.0
,,,,,,,,855,,0.0,,0.0,,0.0
,,,,,,,,856,,0.0,,0.0,,0.0
,,,,,,,,857,,0.0,,0.0,,0.0
,,,,,,,,858,,0.0,,0.0,,0.0
,,,,,,,,859,,0.0,,0.0,,0.0
,,,,,,,,860,,0.0,,0.0,,0.0
,,,,,,,,861,,0.0,,0.0,,0.0
,,,,,,,,862,,0.0,,0.0,,0.0
,,,,,,,,863,,0.0,,0.0,,0.0
,,,,,,,,864,,0.0,,0.0,,0.0
,,,,,,,,865,,0.0,,0.0,,0.0
,,,,,,,,866,,0.0,,0.0,,0.0
,,,,,,,,867,,0.0,,0.0,,0.0
,,,,,,,,868,,0.0,,0.0,,0.0
,,,,,,,,869,,0.0,,0.0,,0.0
,,,,,,,,870,,0.0,,0.0,,0.0
,,,,,,,,871,,0.0,,0.0,,0.0
,,,,,,,,872,,0.0,,0.0,,0.0
,,,,,,,,873,,0.0,,0.0,,0.0
37,,,,,,,,2089,0.0,,0.0,,0.0,
37,0.225075826048851,,0.5224124193191528,,5.947727203369141,,,2089,,,,,,
38,,0.2110447734594345,,0.5079197883605957,,5.9375,0.0003452542587183416,2099,,,,,,
,,,,,,,,874,,0.0,,0.0,,0.0
,,,,,,,,875,,0.0,,0.0,,0.0
,,,,,,,,876,,0.0,,0.0,,0.0
,,,,,,,,877,,0.0,,0.0,,0.0
,,,,,,,,878,,0.0,,0.0,,0.0
,,,,,,,,879,,0.0,,0.0,,0.0
,,,,,,,,880,,0.0,,0.0,,0.0
,,,,,,,,881,,0.0,,0.0,,0.0
,,,,,,,,882,,0.0,,0.0,,0.0
,,,,,,,,883,,0.0,,0.0,,0.0
,,,,,,,,884,,0.0,,0.0,,0.0
,,,,,,,,885,,0.0,,0.0,,0.0
,,,,,,,,886,,0.0,,0.0,,0.0
,,,,,,,,887,,0.0,,0.0,,0.0
,,,,,,,,888,,0.0,,0.0,,0.0
,,,,,,,,889,,0.0,,0.0,,0.0
,,,,,,,,890,,0.0,,0.0,,0.0
,,,,,,,,891,,0.0,,0.0,,0.0
,,,,,,,,892,,0.0,,0.0,,0.0
,,,,,,,,893,,0.0,,0.0,,0.0
,,,,,,,,894,,0.0,,0.0,,0.0
,,,,,,,,895,,0.0,,0.0,,0.0
,,,,,,,,896,,0.0,,0.0,,0.0
38,,,,,,,,2144,0.0,,0.0,,0.0,
38,0.2220543622970581,,0.518041729927063,,5.918181896209717,,,2144,,,,,,
39,,0.2122146487236023,,0.5071365237236023,,5.90625,0.00033854745561257005,2149,,,,,,
39,,0.21291571855545044,,0.49807196855545044,,5.6875,0.0003317669907119125,2199,,,,,,
,,,,,,,,897,,0.0,,0.0,,0.0
,,,,,,,,898,,0.0,,0.0,,0.0
,,,,,,,,899,,0.0,,0.0,,0.0
,,,,,,,,900,,0.0,,0.0,,0.0
,,,,,,,,901,,0.0,,0.0,,0.0
,,,,,,,,902,,0.0,,0.0,,0.0
,,,,,,,,903,,0.0,,0.0,,0.0
,,,,,,,,904,,0.0,,0.0,,0.0
,,,,,,,,905,,0.0,,0.0,,0.0
,,,,,,,,906,,0.0,,0.0,,0.0
,,,,,,,,907,,0.0,,0.0,,0.0
,,,,,,,,908,,0.0,,0.0,,0.0
,,,,,,,,909,,0.0,,0.0,,0.0
,,,,,,,,910,,0.0,,0.0,,0.0
,,,,,,,,911,,0.0,,0.0,,0.0
,,,,,,,,912,,0.0,,0.0,,0.0
,,,,,,,,913,,0.0,,0.0,,0.0
,,,,,,,,914,,0.0,,0.0,,0.0
,,,,,,,,915,,0.0,,0.0,,0.0
,,,,,,,,916,,0.0,,0.0,,0.0
,,,,,,,,917,,0.0,,0.0,,0.0
,,,,,,,,918,,0.0,,0.0,,0.0
,,,,,,,,919,,0.0,,0.0,,0.0
39,,,,,,,,2199,0.0,,0.0,,0.0,
39,0.22076088190078735,,0.5115278959274292,,5.813636302947998,,,2199,,,,,,
40,,0.21715126931667328,,0.4944950342178345,,5.5625,0.00032491848105564713,2249,,,,,,
,,,,,,,,920,,0.0,,0.0,,0.0
,,,,,,,,921,,0.0,,0.0,,0.0
,,,,,,,,922,,0.0,,0.0,,0.0
,,,,,,,,923,,0.0,,0.0,,0.0
,,,,,,,,924,,0.0,,0.0,,0.0
,,,,,,,,925,,0.0,,0.0,,0.0
,,,,,,,,926,,0.0,,0.0,,0.0
,,,,,,,,927,,0.0,,0.0,,0.0
,,,,,,,,928,,0.0,,0.0,,0.0
,,,,,,,,929,,0.0,,0.0,,0.0
,,,,,,,,930,,0.0,,0.0,,0.0
,,,,,,,,931,,0.0,,0.0,,0.0
,,,,,,,,932,,0.0,,0.0,,0.0
,,,,,,,,933,,0.0,,0.0,,0.0
,,,,,,,,934,,0.0,,0.0,,0.0
,,,,,,,,935,,0.0,,0.0,,0.0
,,,,,,,,936,,0.0,,0.0,,0.0
,,,,,,,,937,,0.0,,0.0,,0.0
,,,,,,,,938,,0.0,,0.0,,0.0
,,,,,,,,939,,0.0,,0.0,,0.0
,,,,,,,,940,,0.0,,0.0,,0.0
,,,,,,,,941,,0.0,,0.0,,0.0
,,,,,,,,942,,0.0,,0.0,,0.0
40,,,,,,,,2254,0.0,,0.0,,0.0,
40,0.21837428212165833,,0.5035305023193359,,5.703977108001709,,,2254,,,,,,
41,,0.216274231672287,,0.5014305114746094,,5.71875,0.000318007601890713,2299,,,,,,
,,,,,,,,943,,0.0,,0.0,,0.0
,,,,,,,,944,,0.0,,0.0,,0.0
,,,,,,,,945,,0.0,,0.0,,0.0
,,,,,,,,946,,0.0,,0.0,,0.0
,,,,,,,,947,,0.0,,0.0,,0.0
,,,,,,,,948,,0.0,,0.0,,0.0
,,,,,,,,949,,0.0,,0.0,,0.0
,,,,,,,,950,,0.0,,0.0,,0.0
,,,,,,,,951,,0.0,,0.0,,0.0
,,,,,,,,952,,0.0,,0.0,,0.0
,,,,,,,,953,,0.0,,0.0,,0.0
,,,,,,,,954,,0.0,,0.0,,0.0
,,,,,,,,955,,0.0,,0.0,,0.0
,,,,,,,,956,,0.0,,0.0,,0.0
,,,,,,,,957,,0.0,,0.0,,0.0
,,,,,,,,958,,0.0,,0.0,,0.0
,,,,,,,,959,,0.0,,0.0,,0.0
,,,,,,,,960,,0.0,,0.0,,0.0
,,,,,,,,961,,0.0,,0.0,,0.0
,,,,,,,,962,,0.0,,0.0,,0.0
,,,,,,,,963,,0.0,,0.0,,0.0
,,,,,,,,964,,0.0,,0.0,,0.0
,,,,,,,,965,,0.0,,0.0,,0.0
41,,,,,,,,2309,0.0,,0.0,,0.0,
41,0.217070534825325,,0.5002735257148743,,5.663636207580566,,,2309,,,,,,
42,,0.22604426741600037,,0.5112005472183228,,5.6875,0.00031104014487937093,2349,,,,,,
,,,,,,,,966,,0.0,,0.0,,0.0
,,,,,,,,967,,0.0,,0.0,,0.0
,,,,,,,,968,,0.0,,0.0,,0.0
,,,,,,,,969,,0.0,,0.0,,0.0
,,,,,,,,970,,0.0,,0.0,,0.0
,,,,,,,,971,,0.0,,0.0,,0.0
,,,,,,,,972,,0.0,,0.0,,0.0
,,,,,,,,973,,0.0,,0.0,,0.0
,,,,,,,,974,,0.0,,0.0,,0.0
,,,,,,,,975,,0.0,,0.0,,0.0
,,,,,,,,976,,0.0,,0.0,,0.0
,,,,,,,,977,,0.0,,0.0,,0.0
,,,,,,,,978,,0.0,,0.0,,0.0
,,,,,,,,979,,0.0,,0.0,,0.0
,,,,,,,,980,,0.0,,0.0,,0.0
,,,,,,,,981,,0.0,,0.0,,0.0
,,,,,,,,982,,0.0,,0.0,,0.0
,,,,,,,,983,,0.0,,0.0,,0.0
,,,,,,,,984,,0.0,,0.0,,0.0
,,,,,,,,985,,0.0,,0.0,,0.0
,,,,,,,,986,,0.0,,0.0,,0.0
,,,,,,,,987,,0.0,,0.0,,0.0
,,,,,,,,988,,0.0,,0.0,,0.0
42,,,,,,,,2364,0.0,,0.0,,0.0,
42,0.21527457237243652,,0.4945714473724365,,5.584659099578857,,,2364,,,,,,
43,,0.2190578579902649,,0.4964016079902649,,5.53125,0.0003040218725800514,2399,,,,,,
,,,,,,,,989,,0.0,,0.0,,0.0
,,,,,,,,990,,0.0,,0.0,,0.0
,,,,,,,,991,,0.0,,0.0,,0.0
,,,,,,,,992,,0.0,,0.0,,0.0
,,,,,,,,993,,0.0,,0.0,,0.0
,,,,,,,,994,,0.0,,0.0,,0.0
,,,,,,,,995,,0.0,,0.0,,0.0
,,,,,,,,996,,0.0,,0.0,,0.0
,,,,,,,,997,,0.0,,0.0,,0.0
,,,,,,,,998,,0.0,,0.0,,0.0
,,,,,,,,999,,0.0,,0.0,,0.0
,,,,,,,,1000,,0.0,,0.0,,0.0
,,,,,,,,1001,,0.0,,0.0,,0.0
,,,,,,,,1002,,0.0,,0.0,,0.0
,,,,,,,,1003,,0.0,,0.0,,0.0
,,,,,,,,1004,,0.0,,0.0,,0.0
,,,,,,,,1005,,0.0,,0.0,,0.0
,,,,,,,,1006,,0.0,,0.0,,0.0
,,,,,,,,1007,,0.0,,0.0,,0.0
,,,,,,,,1008,,0.0,,0.0,,0.0
,,,,,,,,1009,,0.0,,0.0,,0.0
,,,,,,,,1010,,0.0,,0.0,,0.0
,,,,,,,,1011,,0.0,,0.0,,0.0
43,,,,,,,,2419,0.0,,0.0,,0.0,
43,0.2139749377965927,,0.49078601598739624,,5.534090995788574,,,2419,,,,,,
44,,0.20645946264266968,,0.4759907126426697,,5.375,0.0002969586639665067,2449,,,,,,
,,,,,,,,1012,,0.0,,0.0,,0.0
,,,,,,,,1013,,0.0,,0.0,,0.0
,,,,,,,,1014,,0.0,,0.0,,0.0
,,,,,,,,1015,,0.0,,0.0,,0.0
,,,,,,,,1016,,0.0,,0.0,,0.0
,,,,,,,,1017,,0.0,,0.0,,0.0
,,,,,,,,1018,,0.0,,0.0,,0.0
,,,,,,,,1019,,0.0,,0.0,,0.0
,,,,,,,,1020,,0.0,,0.0,,0.0
,,,,,,,,1021,,0.0,,0.0,,0.0
,,,,,,,,1022,,0.0,,0.0,,0.0
,,,,,,,,1023,,0.0,,0.0,,0.0
,,,,,,,,1024,,0.0,,0.0,,0.0
,,,,,,,,1025,,0.0,,0.0,,0.0
,,,,,,,,1026,,0.0,,0.0,,0.0
,,,,,,,,1027,,0.0,,0.0,,0.0
,,,,,,,,1028,,0.0,,0.0,,0.0
,,,,,,,,1029,,0.0,,0.0,,0.0
,,,,,,,,1030,,0.0,,0.0,,0.0
,,,,,,,,1031,,0.0,,0.0,,0.0
,,,,,,,,1032,,0.0,,0.0,,0.0
,,,,,,,,1033,,0.0,,0.0,,0.0
,,,,,,,,1034,,0.0,,0.0,,0.0
44,,,,,,,,2474,0.0,,0.0,,0.0,
44,0.21233852207660675,,0.4827220141887665,,5.409090995788574,,,2474,,,,,,
45,,0.21422424912452698,,0.477896124124527,,5.28125,0.0002898563689086586,2499,,,,,,
,,,,,,,,1035,,0.0,,0.0,,0.0
,,,,,,,,1036,,0.0,,0.0,,0.0
,,,,,,,,1037,,0.0,,0.0,,0.0
,,,,,,,,1038,,0.0,,0.0,,0.0
,,,,,,,,1039,,0.0,,0.0,,0.0
,,,,,,,,1040,,0.0,,0.0,,0.0
,,,,,,,,1041,,0.0,,0.0,,0.0
,,,,,,,,1042,,0.0,,0.0,,0.0
,,,,,,,,1043,,0.0,,0.0,,0.0
,,,,,,,,1044,,0.0,,0.0,,0.0
,,,,,,,,1045,,0.0,,0.0,,0.0
,,,,,,,,1046,,0.0,,0.0,,0.0
,,,,,,,,1047,,0.0,,0.0,,0.0
,,,,,,,,1048,,0.0,,0.0,,0.0
,,,,,,,,1049,,0.0,,0.0,,0.0
,,,,,,,,1050,,0.0,,0.0,,0.0
,,,,,,,,1051,,0.0,,0.0,,0.0
,,,,,,,,1052,,0.0,,0.0,,0.0
,,,,,,,,1053,,0.0,,0.0,,0.0
,,,,,,,,1054,,0.0,,0.0,,0.0
,,,,,,,,1055,,0.0,,0.0,,0.0
,,,,,,,,1056,,0.0,,0.0,,0.0
,,,,,,,,1057,,0.0,,0.0,,0.0
45,,,,,,,,2529,0.0,,0.0,,0.0,
45,0.2093268781900406,,0.47658541798591614,,5.344318389892578,,,2529,,,,,,
46,,0.20734873414039612,,0.4690674841403961,,5.21875,0.0002827209245879203,2549,,,,,,
,,,,,,,,1058,,0.0,,0.0,,0.0
,,,,,,,,1059,,0.0,,0.0,,0.0
,,,,,,,,1060,,0.0,,0.0,,0.0
,,,,,,,,1061,,0.0,,0.0,,0.0
,,,,,,,,1062,,0.0,,0.0,,0.0
,,,,,,,,1063,,0.0,,0.0,,0.0
,,,,,,,,1064,,0.0,,0.0,,0.0
,,,,,,,,1065,,0.0,,0.0,,0.0
,,,,,,,,1066,,0.0,,0.0,,0.0
,,,,,,,,1067,,0.0,,0.0,,0.0
,,,,,,,,1068,,0.0,,0.0,,0.0
,,,,,,,,1069,,0.0,,0.0,,0.0
,,,,,,,,1070,,0.0,,0.0,,0.0
,,,,,,,,1071,,0.0,,0.0,,0.0
,,,,,,,,1072,,0.0,,0.0,,0.0
,,,,,,,,1073,,0.0,,0.0,,0.0
,,,,,,,,1074,,0.0,,0.0,,0.0
,,,,,,,,1075,,0.0,,0.0,,0.0
,,,,,,,,1076,,0.0,,0.0,,0.0
,,,,,,,,1077,,0.0,,0.0,,0.0
,,,,,,,,1078,,0.0,,0.0,,0.0
,,,,,,,,1079,,0.0,,0.0,,0.0
,,,,,,,,1080,,0.0,,0.0,,0.0
46,,,,,,,,2584,0.0,,0.0,,0.0,
46,0.20866169035434723,,0.47322139143943787,,5.292045593261719,,,2584,,,,,,
47,,0.21097953617572784,,0.47855764627456665,,5.34375,0.0002755582390818745,2599,,,,,,
,,,,,,,,1081,,0.0,,0.0,,0.0
,,,,,,,,1082,,0.0,,0.0,,0.0
,,,,,,,,1083,,0.0,,0.0,,0.0
,,,,,,,,1084,,0.0,,0.0,,0.0
,,,,,,,,1085,,0.0,,0.0,,0.0
,,,,,,,,1086,,0.0,,0.0,,0.0
,,,,,,,,1087,,0.0,,0.0,,0.0
,,,,,,,,1088,,0.0,,0.0,,0.0
,,,,,,,,1089,,0.0,,0.0,,0.0
,,,,,,,,1090,,0.0,,0.0,,0.0
,,,,,,,,1091,,0.0,,0.0,,0.0
,,,,,,,,1092,,0.0,,0.0,,0.0
,,,,,,,,1093,,0.0,,0.0,,0.0
,,,,,,,,1094,,0.0,,0.0,,0.0
,,,,,,,,1095,,0.0,,0.0,,0.0
,,,,,,,,1096,,0.0,,0.0,,0.0
,,,,,,,,1097,,0.0,,0.0,,0.0
,,,,,,,,1098,,0.0,,0.0,,0.0
,,,,,,,,1099,,0.0,,0.0,,0.0
,,,,,,,,1100,,0.0,,0.0,,0.0
,,,,,,,,1101,,0.0,,0.0,,0.0
,,,,,,,,1102,,0.0,,0.0,,0.0
,,,,,,,,1103,,0.0,,0.0,,0.0
47,,,,,,,,2639,0.0,,0.0,,0.0,
47,0.20438489317893982,,0.46706247329711914,,5.252840995788574,,,2639,,,,,,
48,,0.19627070426940918,,0.4579894542694092,,5.21875,0.0002683742786757648,2649,,,,,,
,,,,,,,,1104,,0.0,,0.0,,0.0
,,,,,,,,1105,,0.0,,0.0,,0.0
,,,,,,,,1106,,0.0,,0.0,,0.0
,,,,,,,,1107,,0.0,,0.0,,0.0
,,,,,,,,1108,,0.0,,0.0,,0.0
,,,,,,,,1109,,0.0,,0.0,,0.0
,,,,,,,,1110,,0.0,,0.0,,0.0
,,,,,,,,1111,,0.0,,0.0,,0.0
,,,,,,,,1112,,0.0,,0.0,,0.0
,,,,,,,,1113,,0.0,,0.0,,0.0
,,,,,,,,1114,,0.0,,0.0,,0.0
,,,,,,,,1115,,0.0,,0.0,,0.0
,,,,,,,,1116,,0.0,,0.0,,0.0
,,,,,,,,1117,,0.0,,0.0,,0.0
,,,,,,,,1118,,0.0,,0.0,,0.0
,,,,,,,,1119,,0.0,,0.0,,0.0
,,,,,,,,1120,,0.0,,0.0,,0.0
,,,,,,,,1121,,0.0,,0.0,,0.0
,,,,,,,,1122,,0.0,,0.0,,0.0
,,,,,,,,1123,,0.0,,0.0,,0.0
,,,,,,,,1124,,0.0,,0.0,,0.0
,,,,,,,,1125,,0.0,,0.0,,0.0
,,,,,,,,1126,,0.0,,0.0,,0.0
48,,,,,,,,2694,0.0,,0.0,,0.0,
48,0.2036384791135788,,0.4647534489631653,,5.21875,,,2694,,,,,,
49,,0.19805364310741425,,0.44512397050857544,,4.9375,0.0002611750387586653,2699,,,,,,
49,,0.19869065284729004,,0.46040940284729004,,5.21875,0.0002539664856158197,2749,,,,,,
,,,,,,,,1127,,0.0,,0.0,,0.0
,,,,,,,,1128,,0.0,,0.0,,0.0
,,,,,,,,1129,,0.0,,0.0,,0.0
,,,,,,,,1130,,0.0,,0.0,,0.0
,,,,,,,,1131,,0.0,,0.0,,0.0
,,,,,,,,1132,,0.0,,0.0,,0.0
,,,,,,,,1133,,0.0,,0.0,,0.0
,,,,,,,,1134,,0.0,,0.0,,0.0
,,,,,,,,1135,,0.0,,0.0,,0.0
,,,,,,,,1136,,0.0,,0.0,,0.0
,,,,,,,,1137,,0.0,,0.0,,0.0
,,,,,,,,1138,,0.0,,0.0,,0.0
,,,,,,,,1139,,0.0,,0.0,,0.0
,,,,,,,,1140,,0.0,,0.0,,0.0
,,,,,,,,1141,,0.0,,0.0,,0.0
,,,,,,,,1142,,0.0,,0.0,,0.0
,,,,,,,,1143,,0.0,,0.0,,0.0
,,,,,,,,1144,,0.0,,0.0,,0.0
,,,,,,,,1145,,0.0,,0.0,,0.0
,,,,,,,,1146,,0.0,,0.0,,0.0
,,,,,,,,1147,,0.0,,0.0,,0.0
,,,,,,,,1148,,0.0,,0.0,,0.0
,,,,,,,,1149,,0.0,,0.0,,0.0
49,,,,,,,,2749,0.0,,0.0,,0.0,
49,0.20272262394428253,,0.4592921733856201,,5.130681991577148,,,2749,,,,,,
50,,0.20062848925590515,,0.45453473925590515,,5.09375,0.00024675464374013245,2799,,,,,,
,,,,,,,,1150,,0.0,,0.0,,0.0
,,,,,,,,1151,,0.0,,0.0,,0.0
,,,,,,,,1152,,0.0,,0.0,,0.0
,,,,,,,,1153,,0.0,,0.0,,0.0
,,,,,,,,1154,,0.0,,0.0,,0.0
,,,,,,,,1155,,0.0,,0.0,,0.0
,,,,,,,,1156,,0.0,,0.0,,0.0
,,,,,,,,1157,,0.0,,0.0,,0.0
,,,,,,,,1158,,0.0,,0.0,,0.0
,,,,,,,,1159,,0.0,,0.0,,0.0
,,,,,,,,1160,,0.0,,0.0,,0.0
,,,,,,,,1161,,0.0,,0.0,,0.0
,,,,,,,,1162,,0.0,,0.0,,0.0
,,,,,,,,1163,,0.0,,0.0,,0.0
,,,,,,,,1164,,0.0,,0.0,,0.0
,,,,,,,,1165,,0.0,,0.0,,0.0
,,,,,,,,1166,,0.0,,0.0,,0.0
,,,,,,,,1167,,0.0,,0.0,,0.0
,,,,,,,,1168,,0.0,,0.0,,0.0
,,,,,,,,1169,,0.0,,0.0,,0.0
,,,,,,,,1170,,0.0,,0.0,,0.0
,,,,,,,,1171,,0.0,,0.0,,0.0
,,,,,,,,1172,,0.0,,0.0,,0.0
50,,,,,,,,2804,0.0,,0.0,,0.0,
50,0.2007756382226944,,0.45333245396614075,,5.050000190734863,,,2804,,,,,,
51,,0.19190624356269836,,0.44581249356269836,,5.09375,0.00023954549396876246,2849,,,,,,
,,,,,,,,1173,,0.0,,0.0,,0.0
,,,,,,,,1174,,0.0,,0.0,,0.0
,,,,,,,,1175,,0.0,,0.0,,0.0
,,,,,,,,1176,,0.0,,0.0,,0.0
,,,,,,,,1177,,0.0,,0.0,,0.0
,,,,,,,,1178,,0.0,,0.0,,0.0
,,,,,,,,1179,,0.0,,0.0,,0.0
,,,,,,,,1180,,0.0,,0.0,,0.0
,,,,,,,,1181,,0.0,,0.0,,0.0
,,,,,,,,1182,,0.0,,0.0,,0.0
,,,,,,,,1183,,0.0,,0.0,,0.0
,,,,,,,,1184,,0.0,,0.0,,0.0
,,,,,,,,1185,,0.0,,0.0,,0.0
,,,,,,,,1186,,0.0,,0.0,,0.0
,,,,,,,,1187,,0.0,,0.0,,0.0
,,,,,,,,1188,,0.0,,0.0,,0.0
,,,,,,,,1189,,0.0,,0.0,,0.0
,,,,,,,,1190,,0.0,,0.0,,0.0
,,,,,,,,1191,,0.0,,0.0,,0.0
,,,,,,,,1192,,0.0,,0.0,,0.0
,,,,,,,,1193,,0.0,,0.0,,0.0
,,,,,,,,1194,,0.0,,0.0,,0.0
,,,,,,,,1195,,0.0,,0.0,,0.0
51,,,,,,,,2859,0.0,,0.0,,0.0,
51,0.19820502400398254,,0.4489685893058777,,5.016477108001709,,,2859,,,,,,
52,,0.1848800927400589,,0.4329269528388977,,4.96875,0.00023234504624269903,2899,,,,,,
,,,,,,,,1196,,0.0,,0.0,,0.0
,,,,,,,,1197,,0.0,,0.0,,0.0
,,,,,,,,1198,,0.0,,0.0,,0.0
,,,,,,,,1199,,0.0,,0.0,,0.0
,,,,,,,,1200,,0.0,,0.0,,0.0
,,,,,,,,1201,,0.0,,0.0,,0.0
,,,,,,,,1202,,0.0,,0.0,,0.0
,,,,,,,,1203,,0.0,,0.0,,0.0
,,,,,,,,1204,,0.0,,0.0,,0.0
,,,,,,,,1205,,0.0,,0.0,,0.0
,,,,,,,,1206,,0.0,,0.0,,0.0
,,,,,,,,1207,,0.0,,0.0,,0.0
,,,,,,,,1208,,0.0,,0.0,,0.0
,,,,,,,,1209,,0.0,,0.0,,0.0
,,,,,,,,1210,,0.0,,0.0,,0.0
,,,,,,,,1211,,0.0,,0.0,,0.0
,,,,,,,,1212,,0.0,,0.0,,0.0
,,,,,,,,1213,,0.0,,0.0,,0.0
,,,,,,,,1214,,0.0,,0.0,,0.0
,,,,,,,,1215,,0.0,,0.0,,0.0
,,,,,,,,1216,,0.0,,0.0,,0.0
,,,,,,,,1217,,0.0,,0.0,,0.0
,,,,,,,,1218,,0.0,,0.0,,0.0
52,,,,,,,,2914,0.0,,0.0,,0.0,
52,0.19600623846054077,,0.44543808698654175,,4.988068103790283,,,2914,,,,,,
53,,0.19983936846256256,,0.44983935356140137,,5.0,0.00022515929595101625,2949,,,,,,
,,,,,,,,1219,,0.0,,0.0,,0.0
,,,,,,,,1220,,0.0,,0.0,,0.0
,,,,,,,,1221,,0.0,,0.0,,0.0
,,,,,,,,1222,,0.0,,0.0,,0.0
,,,,,,,,1223,,0.0,,0.0,,0.0
,,,,,,,,1224,,0.0,,0.0,,0.0
,,,,,,,,1225,,0.0,,0.0,,0.0
,,,,,,,,1226,,0.0,,0.0,,0.0
,,,,,,,,1227,,0.0,,0.0,,0.0
,,,,,,,,1228,,0.0,,0.0,,0.0
,,,,,,,,1229,,0.0,,0.0,,0.0
,,,,,,,,1230,,0.0,,0.0,,0.0
,,,,,,,,1231,,0.0,,0.0,,0.0
,,,,,,,,1232,,0.0,,0.0,,0.0
,,,,,,,,1233,,0.0,,0.0,,0.0
,,,,,,,,1234,,0.0,,0.0,,0.0
,,,,,,,,1235,,0.0,,0.0,,0.0
,,,,,,,,1236,,0.0,,0.0,,0.0
,,,,,,,,1237,,0.0,,0.0,,0.0
,,,,,,,,1238,,0.0,,0.0,,0.0
,,,,,,,,1239,,0.0,,0.0,,0.0
,,,,,,,,1240,,0.0,,0.0,,0.0
,,,,,,,,1241,,0.0,,0.0,,0.0
53,,,,,,,,2969,0.0,,0.0,,0.0,
53,0.1938067376613617,,0.43998923897743225,,4.922727108001709,,,2969,,,,,,
54,,0.18241389095783234,,0.41874200105667114,,4.71875,0.00021799420937895775,2999,,,,,,
,,,,,,,,1242,,0.0,,0.0,,0.0
,,,,,,,,1243,,0.0,,0.0,,0.0
,,,,,,,,1244,,0.0,,0.0,,0.0
,,,,,,,,1245,,0.0,,0.0,,0.0
,,,,,,,,1246,,0.0,,0.0,,0.0
,,,,,,,,1247,,0.0,,0.0,,0.0
,,,,,,,,1248,,0.0,,0.0,,0.0
,,,,,,,,1249,,0.0,,0.0,,0.0
,,,,,,,,1250,,0.0,,0.0,,0.0
,,,,,,,,1251,,0.0,,0.0,,0.0
,,,,,,,,1252,,0.0,,0.0,,0.0
,,,,,,,,1253,,0.0,,0.0,,0.0
,,,,,,,,1254,,0.0,,0.0,,0.0
,,,,,,,,1255,,0.0,,0.0,,0.0
,,,,,,,,1256,,0.0,,0.0,,0.0
,,,,,,,,1257,,0.0,,0.0,,0.0
,,,,,,,,1258,,0.0,,0.0,,0.0
,,,,,,,,1259,,0.0,,0.0,,0.0
,,,,,,,,1260,,0.0,,0.0,,0.0
,,,,,,,,1261,,0.0,,0.0,,0.0
,,,,,,,,1262,,0.0,,0.0,,0.0
,,,,,,,,1263,,0.0,,0.0,,0.0
,,,,,,,,1264,,0.0,,0.0,,0.0
54,,,,,,,,3024,0.0,,0.0,,0.0,
54,0.19246214628219604,,0.4346674084663391,,4.84375,,,3024,,,,,,
55,,0.18424096703529358,,0.4264284670352936,,4.84375,0.0002108557673636824,3049,,,,,,
,,,,,,,,1265,,0.0,,0.0,,0.0
,,,,,,,,1266,,0.0,,0.0,,0.0
,,,,,,,,1267,,0.0,,0.0,,0.0
,,,,,,,,1268,,0.0,,0.0,,0.0
,,,,,,,,1269,,0.0,,0.0,,0.0
,,,,,,,,1270,,0.0,,0.0,,0.0
,,,,,,,,1271,,0.0,,0.0,,0.0
,,,,,,,,1272,,0.0,,0.0,,0.0
,,,,,,,,1273,,0.0,,0.0,,0.0
,,,,,,,,1274,,0.0,,0.0,,0.0
,,,,,,,,1275,,0.0,,0.0,,0.0
,,,,,,,,1276,,0.0,,0.0,,0.0
,,,,,,,,1277,,0.0,,0.0,,0.0
,,,,,,,,1278,,0.0,,0.0,,0.0
,,,,,,,,1279,,0.0,,0.0,,0.0
,,,,,,,,1280,,0.0,,0.0,,0.0
,,,,,,,,1281,,0.0,,0.0,,0.0
,,,,,,,,1282,,0.0,,0.0,,0.0
,,,,,,,,1283,,0.0,,0.0,,0.0
,,,,,,,,1284,,0.0,,0.0,,0.0
,,,,,,,,1285,,0.0,,0.0,,0.0
,,,,,,,,1286,,0.0,,0.0,,0.0
,,,,,,,,1287,,0.0,,0.0,,0.0
55,,,,,,,,3079,0.0,,0.0,,0.0,
55,0.19019818305969238,,0.4311428368091583,,4.818181991577148,,,3079,,,,,,
56,,0.18253257870674133,,0.42472007870674133,,4.84375,0.00020374989253468812,3099,,,,,,
,,,,,,,,1288,,0.0,,0.0,,0.0
,,,,,,,,1289,,0.0,,0.0,,0.0
,,,,,,,,1290,,0.0,,0.0,,0.0
,,,,,,,,1291,,0.0,,0.0,,0.0
,,,,,,,,1292,,0.0,,0.0,,0.0
,,,,,,,,1293,,0.0,,0.0,,0.0
,,,,,,,,1294,,0.0,,0.0,,0.0
,,,,,,,,1295,,0.0,,0.0,,0.0
,,,,,,,,1296,,0.0,,0.0,,0.0
,,,,,,,,1297,,0.0,,0.0,,0.0
,,,,,,,,1298,,0.0,,0.0,,0.0
,,,,,,,,1299,,0.0,,0.0,,0.0
,,,,,,,,1300,,0.0,,0.0,,0.0
,,,,,,,,1301,,0.0,,0.0,,0.0
,,,,,,,,1302,,0.0,,0.0,,0.0
,,,,,,,,1303,,0.0,,0.0,,0.0
,,,,,,,,1304,,0.0,,0.0,,0.0
,,,,,,,,1305,,0.0,,0.0,,0.0
,,,,,,,,1306,,0.0,,0.0,,0.0
,,,,,,,,1307,,0.0,,0.0,,0.0
,,,,,,,,1308,,0.0,,0.0,,0.0
,,,,,,,,1309,,0.0,,0.0,,0.0
,,,,,,,,1310,,0.0,,0.0,,0.0
56,,,,,,,,3134,0.0,,0.0,,0.0,
56,0.18783555924892426,,0.42400383949279785,,4.72386360168457,,,3134,,,,,,
57,,0.18224714696407318,,0.4273643493652344,,4.90625,0.00019668250752147287,3149,,,,,,
,,,,,,,,1311,,0.0,,0.0,,0.0
,,,,,,,,1312,,0.0,,0.0,,0.0
,,,,,,,,1313,,0.0,,0.0,,0.0
,,,,,,,,1314,,0.0,,0.0,,0.0
,,,,,,,,1315,,0.0,,0.0,,0.0
,,,,,,,,1316,,0.0,,0.0,,0.0
,,,,,,,,1317,,0.0,,0.0,,0.0
,,,,,,,,1318,,0.0,,0.0,,0.0
,,,,,,,,1319,,0.0,,0.0,,0.0
,,,,,,,,1320,,0.0,,0.0,,0.0
,,,,,,,,1321,,0.0,,0.0,,0.0
,,,,,,,,1322,,0.0,,0.0,,0.0
,,,,,,,,1323,,0.0,,0.0,,0.0
,,,,,,,,1324,,0.0,,0.0,,0.0
,,,,,,,,1325,,0.0,,0.0,,0.0
,,,,,,,,1326,,0.0,,0.0,,0.0
,,,,,,,,1327,,0.0,,0.0,,0.0
,,,,,,,,1328,,0.0,,0.0,,0.0
,,,,,,,,1329,,0.0,,0.0,,0.0
,,,,,,,,1330,,0.0,,0.0,,0.0
,,,,,,,,1331,,0.0,,0.0,,0.0
,,,,,,,,1332,,0.0,,0.0,,0.0
,,,,,,,,1333,,0.0,,0.0,,0.0
57,,,,,,,,3189,0.0,,0.0,,0.0,
57,0.18520694971084595,,0.4215528666973114,,4.7267045974731445,,,3189,,,,,,
58,,0.18885883688926697,,0.42909321188926697,,4.8125,0.00018965949129778892,3199,,,,,,
,,,,,,,,1334,,0.0,,0.0,,0.0
,,,,,,,,1335,,0.0,,0.0,,0.0
,,,,,,,,1336,,0.0,,0.0,,0.0
,,,,,,,,1337,,0.0,,0.0,,0.0
,,,,,,,,1338,,0.0,,0.0,,0.0
,,,,,,,,1339,,0.0,,0.0,,0.0
,,,,,,,,1340,,0.0,,0.0,,0.0
,,,,,,,,1341,,0.0,,0.0,,0.0
,,,,,,,,1342,,0.0,,0.0,,0.0
,,,,,,,,1343,,0.0,,0.0,,0.0
,,,,,,,,1344,,0.0,,0.0,,0.0
,,,,,,,,1345,,0.0,,0.0,,0.0
,,,,,,,,1346,,0.0,,0.0,,0.0
,,,,,,,,1347,,0.0,,0.0,,0.0
,,,,,,,,1348,,0.0,,0.0,,0.0
,,,,,,,,1349,,0.0,,0.0,,0.0
,,,,,,,,1350,,0.0,,0.0,,0.0
,,,,,,,,1351,,0.0,,0.0,,0.0
,,,,,,,,1352,,0.0,,0.0,,0.0
,,,,,,,,1353,,0.0,,0.0,,0.0
,,,,,,,,1354,,0.0,,0.0,,0.0
,,,,,,,,1355,,0.0,,0.0,,0.0
,,,,,,,,1356,,0.0,,0.0,,0.0
58,,,,,,,,3244,0.0,,0.0,,0.0,
58,0.1842534989118576,,0.41724351048469543,,4.660227298736572,,,3244,,,,,,
59,,0.18679726123809814,,0.42703163623809814,,4.8125,0.00018268669373355806,3249,,,,,,
59,,0.17363901436328888,,0.4031311869621277,,4.59375,0.00017576990649104118,3299,,,,,,
,,,,,,,,1357,,0.0,,0.0,,0.0
,,,,,,,,1358,,0.0,,0.0,,0.0
,,,,,,,,1359,,0.0,,0.0,,0.0
,,,,,,,,1360,,0.0,,0.0,,0.0
,,,,,,,,1361,,0.0,,0.0,,0.0
,,,,,,,,1362,,0.0,,0.0,,0.0
,,,,,,,,1363,,0.0,,0.0,,0.0
,,,,,,,,1364,,0.0,,0.0,,0.0
,,,,,,,,1365,,0.0,,0.0,,0.0
,,,,,,,,1366,,0.0,,0.0,,0.0
,,,,,,,,1367,,0.0,,0.0,,0.0
,,,,,,,,1368,,0.0,,0.0,,0.0
,,,,,,,,1369,,0.0,,0.0,,0.0
,,,,,,,,1370,,0.0,,0.0,,0.0
,,,,,,,,1371,,0.0,,0.0,,0.0
,,,,,,,,1372,,0.0,,0.0,,0.0
,,,,,,,,1373,,0.0,,0.0,,0.0
,,,,,,,,1374,,0.0,,0.0,,0.0
,,,,,,,,1375,,0.0,,0.0,,0.0
,,,,,,,,1376,,0.0,,0.0,,0.0
,,,,,,,,1377,,0.0,,0.0,,0.0
,,,,,,,,1378,,0.0,,0.0,,0.0
,,,,,,,,1379,,0.0,,0.0,,0.0
59,,,,,,,,3299,0.0,,0.0,,0.0,
59,0.18262818455696106,,0.414570689201355,,4.638068199157715,,,3299,,,,,,
60,,0.1892501711845398,,0.4255782961845398,,4.71875,0.00016891489212866873,3349,,,,,,
,,,,,,,,1380,,0.0,,0.0,,0.0
,,,,,,,,1381,,0.0,,0.0,,0.0
,,,,,,,,1382,,0.0,,0.0,,0.0
,,,,,,,,1383,,0.0,,0.0,,0.0
,,,,,,,,1384,,0.0,,0.0,,0.0
,,,,,,,,1385,,0.0,,0.0,,0.0
,,,,,,,,1386,,0.0,,0.0,,0.0
,,,,,,,,1387,,0.0,,0.0,,0.0
,,,,,,,,1388,,0.0,,0.0,,0.0
,,,,,,,,1389,,0.0,,0.0,,0.0
,,,,,,,,1390,,0.0,,0.0,,0.0
,,,,,,,,1391,,0.0,,0.0,,0.0
,,,,,,,,1392,,0.0,,0.0,,0.0
,,,,,,,,1393,,0.0,,0.0,,0.0
,,,,,,,,1394,,0.0,,0.0,,0.0
,,,,,,,,1395,,0.0,,0.0,,0.0
,,,,,,,,1396,,0.0,,0.0,,0.0
,,,,,,,,1397,,0.0,,0.0,,0.0
,,,,,,,,1398,,0.0,,0.0,,0.0
,,,,,,,,1399,,0.0,,0.0,,0.0
,,,,,,,,1400,,0.0,,0.0,,0.0
,,,,,,,,1401,,0.0,,0.0,,0.0
,,,,,,,,1402,,0.0,,0.0,,0.0
60,,,,,,,,3354,0.0,,0.0,,0.0,
60,0.18017111718654633,,0.4093259871006012,,4.583522796630859,,,3354,,,,,,
61,,0.1782032549381256,,0.4096485674381256,,4.625,0.0001621273549972102,3399,,,,,,
,,,,,,,,1403,,0.0,,0.0,,0.0
,,,,,,,,1404,,0.0,,0.0,,0.0
,,,,,,,,1405,,0.0,,0.0,,0.0
,,,,,,,,1406,,0.0,,0.0,,0.0
,,,,,,,,1407,,0.0,,0.0,,0.0
,,,,,,,,1408,,0.0,,0.0,,0.0
,,,,,,,,1409,,0.0,,0.0,,0.0
,,,,,,,,1410,,0.0,,0.0,,0.0
,,,,,,,,1411,,0.0,,0.0,,0.0
,,,,,,,,1412,,0.0,,0.0,,0.0
,,,,,,,,1413,,0.0,,0.0,,0.0
,,,,,,,,1414,,0.0,,0.0,,0.0
,,,,,,,,1415,,0.0,,0.0,,0.0
,,,,,,,,1416,,0.0,,0.0,,0.0
,,,,,,,,1417,,0.0,,0.0,,0.0
,,,,,,,,1418,,0.0,,0.0,,0.0
,,,,,,,,1419,,0.0,,0.0,,0.0
,,,,,,,,1420,,0.0,,0.0,,0.0
,,,,,,,,1421,,0.0,,0.0,,0.0
,,,,,,,,1422,,0.0,,0.0,,0.0
,,,,,,,,1423,,0.0,,0.0,,0.0
,,,,,,,,1424,,0.0,,0.0,,0.0
,,,,,,,,1425,,0.0,,0.0,,0.0
61,,,,,,,,3409,0.0,,0.0,,0.0,
61,0.17813152074813843,,0.4042678773403168,,4.522159099578857,,,3409,,,,,,
62,,0.17281164228916168,,0.3974210023880005,,4.5,0.00015541294123977423,3449,,,,,,
,,,,,,,,1426,,0.0,,0.0,,0.0
,,,,,,,,1427,,0.0,,0.0,,0.0
,,,,,,,,1428,,0.0,,0.0,,0.0
,,,,,,,,1429,,0.0,,0.0,,0.0
,,,,,,,,1430,,0.0,,0.0,,0.0
,,,,,,,,1431,,0.0,,0.0,,0.0
,,,,,,,,1432,,0.0,,0.0,,0.0
,,,,,,,,1433,,0.0,,0.0,,0.0
,,,,,,,,1434,,0.0,,0.0,,0.0
,,,,,,,,1435,,0.0,,0.0,,0.0
,,,,,,,,1436,,0.0,,0.0,,0.0
,,,,,,,,1437,,0.0,,0.0,,0.0
,,,,,,,,1438,,0.0,,0.0,,0.0
,,,,,,,,1439,,0.0,,0.0,,0.0
,,,,,,,,1440,,0.0,,0.0,,0.0
,,,,,,,,1441,,0.0,,0.0,,0.0
,,,,,,,,1442,,0.0,,0.0,,0.0
,,,,,,,,1443,,0.0,,0.0,,0.0
,,,,,,,,1444,,0.0,,0.0,,0.0
,,,,,,,,1445,,0.0,,0.0,,0.0
,,,,,,,,1446,,0.0,,0.0,,0.0
,,,,,,,,1447,,0.0,,0.0,,0.0
,,,,,,,,1448,,0.0,,0.0,,0.0
62,,,,,,,,3464,0.0,,0.0,,0.0,
62,0.17507287859916687,,0.39913180470466614,,4.482386589050293,,,3464,,,,,,
63,,0.17899300158023834,,0.41629767417907715,,4.75,0.00014877725334372371,3499,,,,,,
,,,,,,,,1449,,0.0,,0.0,,0.0
,,,,,,,,1450,,0.0,,0.0,,0.0
,,,,,,,,1451,,0.0,,0.0,,0.0
,,,,,,,,1452,,0.0,,0.0,,0.0
,,,,,,,,1453,,0.0,,0.0,,0.0
,,,,,,,,1454,,0.0,,0.0,,0.0
,,,,,,,,1455,,0.0,,0.0,,0.0
,,,,,,,,1456,,0.0,,0.0,,0.0
,,,,,,,,1457,,0.0,,0.0,,0.0
,,,,,,,,1458,,0.0,,0.0,,0.0
,,,,,,,,1459,,0.0,,0.0,,0.0
,,,,,,,,1460,,0.0,,0.0,,0.0
,,,,,,,,1461,,0.0,,0.0,,0.0
,,,,,,,,1462,,0.0,,0.0,,0.0
,,,,,,,,1463,,0.0,,0.0,,0.0
,,,,,,,,1464,,0.0,,0.0,,0.0
,,,,,,,,1465,,0.0,,0.0,,0.0
,,,,,,,,1466,,0.0,,0.0,,0.0
,,,,,,,,1467,,0.0,,0.0,,0.0
,,,,,,,,1468,,0.0,,0.0,,0.0
,,,,,,,,1469,,0.0,,0.0,,0.0
,,,,,,,,1470,,0.0,,0.0,,0.0
,,,,,,,,1471,,0.0,,0.0,,0.0
63,,,,,,,,3519,0.0,,0.0,,0.0,
63,0.17462919652462006,,0.3975163400173187,,4.457954406738281,,,3519,,,,,,
64,,0.18808460235595703,,0.40683460235595703,,4.375,0.00014222577738109976,3549,,,,,,
,,,,,,,,1472,,0.0,,0.0,,0.0
,,,,,,,,1473,,0.0,,0.0,,0.0
,,,,,,,,1474,,0.0,,0.0,,0.0
,,,,,,,,1475,,0.0,,0.0,,0.0
,,,,,,,,1476,,0.0,,0.0,,0.0
,,,,,,,,1477,,0.0,,0.0,,0.0
,,,,,,,,1478,,0.0,,0.0,,0.0
,,,,,,,,1479,,0.0,,0.0,,0.0
,,,,,,,,1480,,0.0,,0.0,,0.0
,,,,,,,,1481,,0.0,,0.0,,0.0
,,,,,,,,1482,,0.0,,0.0,,0.0
,,,,,,,,1483,,0.0,,0.0,,0.0
,,,,,,,,1484,,0.0,,0.0,,0.0
,,,,,,,,1485,,0.0,,0.0,,0.0
,,,,,,,,1486,,0.0,,0.0,,0.0
,,,,,,,,1487,,0.0,,0.0,,0.0
,,,,,,,,1488,,0.0,,0.0,,0.0
,,,,,,,,1489,,0.0,,0.0,,0.0
,,,,,,,,1490,,0.0,,0.0,,0.0
,,,,,,,,1491,,0.0,,0.0,,0.0
,,,,,,,,1492,,0.0,,0.0,,0.0
,,,,,,,,1493,,0.0,,0.0,,0.0
,,,,,,,,1494,,0.0,,0.0,,0.0
64,,,,,,,,3574,0.0,,0.0,,0.0,
64,0.17187024652957916,,0.39314156770706177,,4.426136493682861,,,3574,,,,,,
65,,0.15970991551876068,,0.3726005554199219,,4.25,0.0001357640139758587,3599,,,,,,
,,,,,,,,1495,,0.0,,0.0,,0.0
,,,,,,,,1496,,0.0,,0.0,,0.0
,,,,,,,,1497,,0.0,,0.0,,0.0
,,,,,,,,1498,,0.0,,0.0,,0.0
,,,,,,,,1499,,0.0,,0.0,,0.0
,,,,,,,,1500,,0.0,,0.0,,0.0
,,,,,,,,1501,,0.0,,0.0,,0.0
,,,,,,,,1502,,0.0,,0.0,,0.0
,,,,,,,,1503,,0.0,,0.0,,0.0
,,,,,,,,1504,,0.0,,0.0,,0.0
,,,,,,,,1505,,0.0,,0.0,,0.0
,,,,,,,,1506,,0.0,,0.0,,0.0
,,,,,,,,1507,,0.0,,0.0,,0.0
,,,,,,,,1508,,0.0,,0.0,,0.0
,,,,,,,,1509,,0.0,,0.0,,0.0
,,,,,,,,1510,,0.0,,0.0,,0.0
,,,,,,,,1511,,0.0,,0.0,,0.0
,,,,,,,,1512,,0.0,,0.0,,0.0
,,,,,,,,1513,,0.0,,0.0,,0.0
,,,,,,,,1514,,0.0,,0.0,,0.0
,,,,,,,,1515,,0.0,,0.0,,0.0
,,,,,,,,1516,,0.0,,0.0,,0.0
,,,,,,,,1517,,0.0,,0.0,,0.0
65,,,,,,,,3629,0.0,,0.0,,0.0,
65,0.17027346789836884,,0.3903197646141052,,4.400568008422852,,,3629,,,,,,
66,,0.17256814241409302,,0.389365017414093,,4.34375,0.00012939728912897408,3649,,,,,,
,,,,,,,,1518,,0.0,,0.0,,0.0
,,,,,,,,1519,,0.0,,0.0,,0.0
,,,,,,,,1520,,0.0,,0.0,,0.0
,,,,,,,,1521,,0.0,,0.0,,0.0
,,,,,,,,1522,,0.0,,0.0,,0.0
,,,,,,,,1523,,0.0,,0.0,,0.0
,,,,,,,,1524,,0.0,,0.0,,0.0
,,,,,,,,1525,,0.0,,0.0,,0.0
,,,,,,,,1526,,0.0,,0.0,,0.0
,,,,,,,,1527,,0.0,,0.0,,0.0
,,,,,,,,1528,,0.0,,0.0,,0.0
,,,,,,,,1529,,0.0,,0.0,,0.0
,,,,,,,,1530,,0.0,,0.0,,0.0
,,,,,,,,1531,,0.0,,0.0,,0.0
,,,,,,,,1532,,0.0,,0.0,,0.0
,,,,,,,,1533,,0.0,,0.0,,0.0
,,,,,,,,1534,,0.0,,0.0,,0.0
,,,,,,,,1535,,0.0,,0.0,,0.0
,,,,,,,,1536,,0.0,,0.0,,0.0
,,,,,,,,1537,,0.0,,0.0,,0.0
,,,,,,,,1538,,0.0,,0.0,,0.0
,,,,,,,,1539,,0.0,,0.0,,0.0
,,,,,,,,1540,,0.0,,0.0,,0.0
66,,,,,,,,3684,0.0,,0.0,,0.0,
66,0.1692347228527069,,0.38771843910217285,,4.369318008422852,,,3684,,,,,,
67,,0.16481515765190125,,0.38551828265190125,,4.40625,0.00012313094339333475,3699,,,,,,
,,,,,,,,1541,,0.0,,0.0,,0.0
,,,,,,,,1542,,0.0,,0.0,,0.0
,,,,,,,,1543,,0.0,,0.0,,0.0
,,,,,,,,1544,,0.0,,0.0,,0.0
,,,,,,,,1545,,0.0,,0.0,,0.0
,,,,,,,,1546,,0.0,,0.0,,0.0
,,,,,,,,1547,,0.0,,0.0,,0.0
,,,,,,,,1548,,0.0,,0.0,,0.0
,,,,,,,,1549,,0.0,,0.0,,0.0
,,,,,,,,1550,,0.0,,0.0,,0.0
,,,,,,,,1551,,0.0,,0.0,,0.0
,,,,,,,,1552,,0.0,,0.0,,0.0
,,,,,,,,1553,,0.0,,0.0,,0.0
,,,,,,,,1554,,0.0,,0.0,,0.0
,,,,,,,,1555,,0.0,,0.0,,0.0
,,,,,,,,1556,,0.0,,0.0,,0.0
,,,,,,,,1557,,0.0,,0.0,,0.0
,,,,,,,,1558,,0.0,,0.0,,0.0
,,,,,,,,1559,,0.0,,0.0,,0.0
,,,,,,,,1560,,0.0,,0.0,,0.0
,,,,,,,,1561,,0.0,,0.0,,0.0
,,,,,,,,1562,,0.0,,0.0,,0.0
,,,,,,,,1563,,0.0,,0.0,,0.0
67,,,,,,,,3739,0.0,,0.0,,0.0,
67,0.16724270582199097,,0.3834003806114197,,4.323295593261719,,,3739,,,,,,
68,,0.16782532632350922,,0.3768097162246704,,4.1875,0.00011697017180267721,3749,,,,,,
,,,,,,,,1564,,0.0,,0.0,,0.0
,,,,,,,,1565,,0.0,,0.0,,0.0
,,,,,,,,1566,,0.0,,0.0,,0.0
,,,,,,,,1567,,0.0,,0.0,,0.0
,,,,,,,,1568,,0.0,,0.0,,0.0
,,,,,,,,1569,,0.0,,0.0,,0.0
,,,,,,,,1570,,0.0,,0.0,,0.0
,,,,,,,,1571,,0.0,,0.0,,0.0
,,,,,,,,1572,,0.0,,0.0,,0.0
,,,,,,,,1573,,0.0,,0.0,,0.0
,,,,,,,,1574,,0.0,,0.0,,0.0
,,,,,,,,1575,,0.0,,0.0,,0.0
,,,,,,,,1576,,0.0,,0.0,,0.0
,,,,,,,,1577,,0.0,,0.0,,0.0
,,,,,,,,1578,,0.0,,0.0,,0.0
,,,,,,,,1579,,0.0,,0.0,,0.0
,,,,,,,,1580,,0.0,,0.0,,0.0
,,,,,,,,1581,,0.0,,0.0,,0.0
,,,,,,,,1582,,0.0,,0.0,,0.0
,,,,,,,,1583,,0.0,,0.0,,0.0
,,,,,,,,1584,,0.0,,0.0,,0.0
,,,,,,,,1585,,0.0,,0.0,,0.0
,,,,,,,,1586,,0.0,,0.0,,0.0
68,,,,,,,,3794,0.0,,0.0,,0.0,
68,0.16340124607086182,,0.37673571705818176,,4.267613410949707,,,3794,,,,,,
69,,0.15986664593219757,,0.3659213185310364,,4.125,0.00011092010390711948,3799,,,,,,
69,,0.15796466171741486,,0.37085527181625366,,4.25,0.00010498577466933057,3849,,,,,,
,,,,,,,,1587,,0.0,,0.0,,0.0
,,,,,,,,1588,,0.0,,0.0,,0.0
,,,,,,,,1589,,0.0,,0.0,,0.0
,,,,,,,,1590,,0.0,,0.0,,0.0
,,,,,,,,1591,,0.0,,0.0,,0.0
,,,,,,,,1592,,0.0,,0.0,,0.0
,,,,,,,,1593,,0.0,,0.0,,0.0
,,,,,,,,1594,,0.0,,0.0,,0.0
,,,,,,,,1595,,0.0,,0.0,,0.0
,,,,,,,,1596,,0.0,,0.0,,0.0
,,,,,,,,1597,,0.0,,0.0,,0.0
,,,,,,,,1598,,0.0,,0.0,,0.0
,,,,,,,,1599,,0.0,,0.0,,0.0
,,,,,,,,1600,,0.0,,0.0,,0.0
,,,,,,,,1601,,0.0,,0.0,,0.0
,,,,,,,,1602,,0.0,,0.0,,0.0
,,,,,,,,1603,,0.0,,0.0,,0.0
,,,,,,,,1604,,0.0,,0.0,,0.0
,,,,,,,,1605,,0.0,,0.0,,0.0
,,,,,,,,1606,,0.0,,0.0,,0.0
,,,,,,,,1607,,0.0,,0.0,,0.0
,,,,,,,,1608,,0.0,,0.0,,0.0
,,,,,,,,1609,,0.0,,0.0,,0.0
69,,,,,,,,3849,0.0,,0.0,,0.0,
69,0.1627345234155655,,0.37432897090911865,,4.230966091156006,,,3849,,,,,,
70,,0.15595072507858276,,0.35907572507858276,,4.0625,9.917211718857288e-05,3899,,,,,,
,,,,,,,,1610,,0.0,,0.0,,0.0
,,,,,,,,1611,,0.0,,0.0,,0.0
,,,,,,,,1612,,0.0,,0.0,,0.0
,,,,,,,,1613,,0.0,,0.0,,0.0
,,,,,,,,1614,,0.0,,0.0,,0.0
,,,,,,,,1615,,0.0,,0.0,,0.0
,,,,,,,,1616,,0.0,,0.0,,0.0
,,,,,,,,1617,,0.0,,0.0,,0.0
,,,,,,,,1618,,0.0,,0.0,,0.0
,,,,,,,,1619,,0.0,,0.0,,0.0
,,,,,,,,1620,,0.0,,0.0,,0.0
,,,,,,,,1621,,0.0,,0.0,,0.0
,,,,,,,,1622,,0.0,,0.0,,0.0
,,,,,,,,1623,,0.0,,0.0,,0.0
,,,,,,,,1624,,0.0,,0.0,,0.0
,,,,,,,,1625,,0.0,,0.0,,0.0
,,,,,,,,1626,,0.0,,0.0,,0.0
,,,,,,,,1627,,0.0,,0.0,,0.0
,,,,,,,,1628,,0.0,,0.0,,0.0
,,,,,,,,1629,,0.0,,0.0,,0.0
,,,,,,,,1630,,0.0,,0.0,,0.0
,,,,,,,,1631,,0.0,,0.0,,0.0
,,,,,,,,1632,,0.0,,0.0,,0.0
70,,,,,,,,3904,0.0,,0.0,,0.0,
70,0.16090713441371918,,0.37035319209098816,,4.188636302947998,,,3904,,,,,,
71,,0.16376826167106628,,0.3649401366710663,,4.03125,9.348397725261748e-05,3949,,,,,,
,,,,,,,,1633,,0.0,,0.0,,0.0
,,,,,,,,1634,,0.0,,0.0,,0.0
,,,,,,,,1635,,0.0,,0.0,,0.0
,,,,,,,,1636,,0.0,,0.0,,0.0
,,,,,,,,1637,,0.0,,0.0,,0.0
,,,,,,,,1638,,0.0,,0.0,,0.0
,,,,,,,,1639,,0.0,,0.0,,0.0
,,,,,,,,1640,,0.0,,0.0,,0.0
,,,,,,,,1641,,0.0,,0.0,,0.0
,,,,,,,,1642,,0.0,,0.0,,0.0
,,,,,,,,1643,,0.0,,0.0,,0.0
,,,,,,,,1644,,0.0,,0.0,,0.0
,,,,,,,,1645,,0.0,,0.0,,0.0
,,,,,,,,1646,,0.0,,0.0,,0.0
,,,,,,,,1647,,0.0,,0.0,,0.0
,,,,,,,,1648,,0.0,,0.0,,0.0
,,,,,,,,1649,,0.0,,0.0,,0.0
,,,,,,,,1650,,0.0,,0.0,,0.0
,,,,,,,,1651,,0.0,,0.0,,0.0
,,,,,,,,1652,,0.0,,0.0,,0.0
,,,,,,,,1653,,0.0,,0.0,,0.0
,,,,,,,,1654,,0.0,,0.0,,0.0
,,,,,,,,1655,,0.0,,0.0,,0.0
71,,,,,,,,3959,0.0,,0.0,,0.0,
71,0.15873154997825623,,0.36714768409729004,,4.168749809265137,,,3959,,,,,,
72,,0.16320230066776276,,0.36925697326660156,,4.125,8.792609150987118e-05,3999,,,,,,
,,,,,,,,1656,,0.0,,0.0,,0.0
,,,,,,,,1657,,0.0,,0.0,,0.0
,,,,,,,,1658,,0.0,,0.0,,0.0
,,,,,,,,1659,,0.0,,0.0,,0.0
,,,,,,,,1660,,0.0,,0.0,,0.0
,,,,,,,,1661,,0.0,,0.0,,0.0
,,,,,,,,1662,,0.0,,0.0,,0.0
,,,,,,,,1663,,0.0,,0.0,,0.0
,,,,,,,,1664,,0.0,,0.0,,0.0
,,,,,,,,1665,,0.0,,0.0,,0.0
,,,,,,,,1666,,0.0,,0.0,,0.0
,,,,,,,,1667,,0.0,,0.0,,0.0
,,,,,,,,1668,,0.0,,0.0,,0.0
,,,,,,,,1669,,0.0,,0.0,,0.0
,,,,,,,,1670,,0.0,,0.0,,0.0
,,,,,,,,1671,,0.0,,0.0,,0.0
,,,,,,,,1672,,0.0,,0.0,,0.0
,,,,,,,,1673,,0.0,,0.0,,0.0
,,,,,,,,1674,,0.0,,0.0,,0.0
,,,,,,,,1675,,0.0,,0.0,,0.0
,,,,,,,,1676,,0.0,,0.0,,0.0
,,,,,,,,1677,,0.0,,0.0,,0.0
,,,,,,,,1678,,0.0,,0.0,,0.0
72,,,,,,,,4014,0.0,,0.0,,0.0,
72,0.15852990746498108,,0.36536577343940735,,4.136647701263428,,,4014,,,,,,
73,,0.15042515099048615,,0.35159701108932495,,4.03125,8.25030729174614e-05,4049,,,,,,
,,,,,,,,1679,,0.0,,0.0,,0.0
,,,,,,,,1680,,0.0,,0.0,,0.0
,,,,,,,,1681,,0.0,,0.0,,0.0
,,,,,,,,1682,,0.0,,0.0,,0.0
,,,,,,,,1683,,0.0,,0.0,,0.0
,,,,,,,,1684,,0.0,,0.0,,0.0
,,,,,,,,1685,,0.0,,0.0,,0.0
,,,,,,,,1686,,0.0,,0.0,,0.0
,,,,,,,,1687,,0.0,,0.0,,0.0
,,,,,,,,1688,,0.0,,0.0,,0.0
,,,,,,,,1689,,0.0,,0.0,,0.0
,,,,,,,,1690,,0.0,,0.0,,0.0
,,,,,,,,1691,,0.0,,0.0,,0.0
,,,,,,,,1692,,0.0,,0.0,,0.0
,,,,,,,,1693,,0.0,,0.0,,0.0
,,,,,,,,1694,,0.0,,0.0,,0.0
,,,,,,,,1695,,0.0,,0.0,,0.0
,,,,,,,,1696,,0.0,,0.0,,0.0
,,,,,,,,1697,,0.0,,0.0,,0.0
,,,,,,,,1698,,0.0,,0.0,,0.0
,,,,,,,,1699,,0.0,,0.0,,0.0
,,,,,,,,1700,,0.0,,0.0,,0.0
,,,,,,,,1701,,0.0,,0.0,,0.0
73,,,,,,,,4069,0.0,,0.0,,0.0,
73,0.15629136562347412,,0.3630029261112213,,4.135795593261719,,,4069,,,,,,
74,,0.15066000819206238,,0.3508553206920624,,4.0,7.721944712102413e-05,4099,,,,,,
,,,,,,,,1702,,0.0,,0.0,,0.0
,,,,,,,,1703,,0.0,,0.0,,0.0
,,,,,,,,1704,,0.0,,0.0,,0.0
,,,,,,,,1705,,0.0,,0.0,,0.0
,,,,,,,,1706,,0.0,,0.0,,0.0
,,,,,,,,1707,,0.0,,0.0,,0.0
,,,,,,,,1708,,0.0,,0.0,,0.0
,,,,,,,,1709,,0.0,,0.0,,0.0
,,,,,,,,1710,,0.0,,0.0,,0.0
,,,,,,,,1711,,0.0,,0.0,,0.0
,,,,,,,,1712,,0.0,,0.0,,0.0
,,,,,,,,1713,,0.0,,0.0,,0.0
,,,,,,,,1714,,0.0,,0.0,,0.0
,,,,,,,,1715,,0.0,,0.0,,0.0
,,,,,,,,1716,,0.0,,0.0,,0.0
,,,,,,,,1717,,0.0,,0.0,,0.0
,,,,,,,,1718,,0.0,,0.0,,0.0
,,,,,,,,1719,,0.0,,0.0,,0.0
,,,,,,,,1720,,0.0,,0.0,,0.0
,,,,,,,,1721,,0.0,,0.0,,0.0
,,,,,,,,1722,,0.0,,0.0,,0.0
,,,,,,,,1723,,0.0,,0.0,,0.0
,,,,,,,,1724,,0.0,,0.0,,0.0
74,,,,,,,,4124,0.0,,0.0,,0.0,
74,0.1549067348241806,,0.36018019914627075,,4.104545593261719,,,4124,,,,,,
75,,0.16278931498527527,,0.36591431498527527,,4.0625,7.207960152300075e-05,4149,,,,,,
,,,,,,,,1725,,0.0,,0.0,,0.0
,,,,,,,,1726,,0.0,,0.0,,0.0
,,,,,,,,1727,,0.0,,0.0,,0.0
,,,,,,,,1728,,0.0,,0.0,,0.0
,,,,,,,,1729,,0.0,,0.0,,0.0
,,,,,,,,1730,,0.0,,0.0,,0.0
,,,,,,,,1731,,0.0,,0.0,,0.0
,,,,,,,,1732,,0.0,,0.0,,0.0
,,,,,,,,1733,,0.0,,0.0,,0.0
,,,,,,,,1734,,0.0,,0.0,,0.0
,,,,,,,,1735,,0.0,,0.0,,0.0
,,,,,,,,1736,,0.0,,0.0,,0.0
,,,,,,,,1737,,0.0,,0.0,,0.0
,,,,,,,,1738,,0.0,,0.0,,0.0
,,,,,,,,1739,,0.0,,0.0,,0.0
,,,,,,,,1740,,0.0,,0.0,,0.0
,,,,,,,,1741,,0.0,,0.0,,0.0
,,,,,,,,1742,,0.0,,0.0,,0.0
,,,,,,,,1743,,0.0,,0.0,,0.0
,,,,,,,,1744,,0.0,,0.0,,0.0
,,,,,,,,1745,,0.0,,0.0,,0.0
,,,,,,,,1746,,0.0,,0.0,,0.0
,,,,,,,,1747,,0.0,,0.0,,0.0
75,,,,,,,,4179,0.0,,0.0,,0.0,
75,0.15240542590618134,,0.3571995198726654,,4.094886302947998,,,4179,,,,,,
76,,0.14977608621120453,,0.3431354761123657,,3.859375,6.708781438646838e-05,4199,,,,,,
,,,,,,,,1748,,0.0,,0.0,,0.0
,,,,,,,,1749,,0.0,,0.0,,0.0
,,,,,,,,1750,,0.0,,0.0,,0.0
,,,,,,,,1751,,0.0,,0.0,,0.0
,,,,,,,,1752,,0.0,,0.0,,0.0
,,,,,,,,1753,,0.0,,0.0,,0.0
,,,,,,,,1754,,0.0,,0.0,,0.0
,,,,,,,,1755,,0.0,,0.0,,0.0
,,,,,,,,1756,,0.0,,0.0,,0.0
,,,,,,,,1757,,0.0,,0.0,,0.0
,,,,,,,,1758,,0.0,,0.0,,0.0
,,,,,,,,1759,,0.0,,0.0,,0.0
,,,,,,,,1760,,0.0,,0.0,,0.0
,,,,,,,,1761,,0.0,,0.0,,0.0
,,,,,,,,1762,,0.0,,0.0,,0.0
,,,,,,,,1763,,0.0,,0.0,,0.0
,,,,,,,,1764,,0.0,,0.0,,0.0
,,,,,,,,1765,,0.0,,0.0,,0.0
,,,,,,,,1766,,0.0,,0.0,,0.0
,,,,,,,,1767,,0.0,,0.0,,0.0
,,,,,,,,1768,,0.0,,0.0,,0.0
,,,,,,,,1769,,0.0,,0.0,,0.0
,,,,,,,,1770,,0.0,,0.0,,0.0
76,,,,,,,,4234,0.0,,0.0,,0.0,
76,0.1512286216020584,,0.35254257917404175,,4.026420593261719,,,4234,,,,,,
77,,0.16717630624771118,,0.3732309937477112,,4.125,6.224824028322473e-05,4249,,,,,,
,,,,,,,,1771,,0.0,,0.0,,0.0
,,,,,,,,1772,,0.0,,0.0,,0.0
,,,,,,,,1773,,0.0,,0.0,,0.0
,,,,,,,,1774,,0.0,,0.0,,0.0
,,,,,,,,1775,,0.0,,0.0,,0.0
,,,,,,,,1776,,0.0,,0.0,,0.0
,,,,,,,,1777,,0.0,,0.0,,0.0
,,,,,,,,1778,,0.0,,0.0,,0.0
,,,,,,,,1779,,0.0,,0.0,,0.0
,,,,,,,,1780,,0.0,,0.0,,0.0
,,,,,,,,1781,,0.0,,0.0,,0.0
,,,,,,,,1782,,0.0,,0.0,,0.0
,,,,,,,,1783,,0.0,,0.0,,0.0
,,,,,,,,1784,,0.0,,0.0,,0.0
,,,,,,,,1785,,0.0,,0.0,,0.0
,,,,,,,,1786,,0.0,,0.0,,0.0
,,,,,,,,1787,,0.0,,0.0,,0.0
,,,,,,,,1788,,0.0,,0.0,,0.0
,,,,,,,,1789,,0.0,,0.0,,0.0
,,,,,,,,1790,,0.0,,0.0,,0.0
,,,,,,,,1791,,0.0,,0.0,,0.0
,,,,,,,,1792,,0.0,,0.0,,0.0
,,,,,,,,1793,,0.0,,0.0,,0.0
77,,,,,,,,4289,0.0,,0.0,,0.0,
77,0.15058870613574982,,0.351405531167984,,4.015909194946289,,,4289,,,,,,
78,,0.15237519145011902,,0.368195503950119,,4.3125,5.756491009378806e-05,4299,,,,,,
,,,,,,,,1794,,0.0,,0.0,,0.0
,,,,,,,,1795,,0.0,,0.0,,0.0
,,,,,,,,1796,,0.0,,0.0,,0.0
,,,,,,,,1797,,0.0,,0.0,,0.0
,,,,,,,,1798,,0.0,,0.0,,0.0
,,,,,,,,1799,,0.0,,0.0,,0.0
,,,,,,,,1800,,0.0,,0.0,,0.0
,,,,,,,,1801,,0.0,,0.0,,0.0
,,,,,,,,1802,,0.0,,0.0,,0.0
,,,,,,,,1803,,0.0,,0.0,,0.0
,,,,,,,,1804,,0.0,,0.0,,0.0
,,,,,,,,1805,,0.0,,0.0,,0.0
,,,,,,,,1806,,0.0,,0.0,,0.0
,,,,,,,,1807,,0.0,,0.0,,0.0
,,,,,,,,1808,,0.0,,0.0,,0.0
,,,,,,,,1809,,0.0,,0.0,,0.0
,,,,,,,,1810,,0.0,,0.0,,0.0
,,,,,,,,1811,,0.0,,0.0,,0.0
,,,,,,,,1812,,0.0,,0.0,,0.0
,,,,,,,,1813,,0.0,,0.0,,0.0
,,,,,,,,1814,,0.0,,0.0,,0.0
,,,,,,,,1815,,0.0,,0.0,,0.0
,,,,,,,,1816,,0.0,,0.0,,0.0
78,,,,,,,,4344,0.0,,0.0,,0.0,
78,0.14876239001750946,,0.3489931523799896,,4.00511360168457,,,4344,,,,,,
79,,0.14516115188598633,,0.33852052688598633,,3.875,5.304172373143956e-05,4349,,,,,,
79,,0.15944141149520874,,0.35866016149520874,,3.984375,4.868243559030816e-05,4399,,,,,,
,,,,,,,,1817,,0.0,,0.0,,0.0
,,,,,,,,1818,,0.0,,0.0,,0.0
,,,,,,,,1819,,0.0,,0.0,,0.0
,,,,,,,,1820,,0.0,,0.0,,0.0
,,,,,,,,1821,,0.0,,0.0,,0.0
,,,,,,,,1822,,0.0,,0.0,,0.0
,,,,,,,,1823,,0.0,,0.0,,0.0
,,,,,,,,1824,,0.0,,0.0,,0.0
,,,,,,,,1825,,0.0,,0.0,,0.0
,,,,,,,,1826,,0.0,,0.0,,0.0
,,,,,,,,1827,,0.0,,0.0,,0.0
,,,,,,,,1828,,0.0,,0.0,,0.0
,,,,,,,,1829,,0.0,,0.0,,0.0
,,,,,,,,1830,,0.0,,0.0,,0.0
,,,,,,,,1831,,0.0,,0.0,,0.0
,,,,,,,,1832,,0.0,,0.0,,0.0
,,,,,,,,1833,,0.0,,0.0,,0.0
,,,,,,,,1834,,0.0,,0.0,,0.0
,,,,,,,,1835,,0.0,,0.0,,0.0
,,,,,,,,1836,,0.0,,0.0,,0.0
,,,,,,,,1837,,0.0,,0.0,,0.0
,,,,,,,,1838,,0.0,,0.0,,0.0
,,,,,,,,1839,,0.0,,0.0,,0.0
79,,,,,,,,4399,0.0,,0.0,,0.0,
79,0.1471444070339203,,0.345315545797348,,3.9633522033691406,,,4399,,,,,,
80,,0.14494943618774414,,0.34123849868774414,,3.921875,4.449068001122214e-05,4449,,,,,,
,,,,,,,,1840,,0.0,,0.0,,0.0
,,,,,,,,1841,,0.0,,0.0,,0.0
,,,,,,,,1842,,0.0,,0.0,,0.0
,,,,,,,,1843,,0.0,,0.0,,0.0
,,,,,,,,1844,,0.0,,0.0,,0.0
,,,,,,,,1845,,0.0,,0.0,,0.0
,,,,,,,,1846,,0.0,,0.0,,0.0
,,,,,,,,1847,,0.0,,0.0,,0.0
,,,,,,,,1848,,0.0,,0.0,,0.0
,,,,,,,,1849,,0.0,,0.0,,0.0
,,,,,,,,1850,,0.0,,0.0,,0.0
,,,,,,,,1851,,0.0,,0.0,,0.0
,,,,,,,,1852,,0.0,,0.0,,0.0
,,,,,,,,1853,,0.0,,0.0,,0.0
,,,,,,,,1854,,0.0,,0.0,,0.0
,,,,,,,,1855,,0.0,,0.0,,0.0
,,,,,,,,1856,,0.0,,0.0,,0.0
,,,,,,,,1857,,0.0,,0.0,,0.0
,,,,,,,,1858,,0.0,,0.0,,0.0
,,,,,,,,1859,,0.0,,0.0,,0.0
,,,,,,,,1860,,0.0,,0.0,,0.0
,,,,,,,,1861,,0.0,,0.0,,0.0
,,,,,,,,1862,,0.0,,0.0,,0.0
80,,,,,,,,4454,0.0,,0.0,,0.0,
80,0.14679507911205292,,0.34420275688171387,,3.9480113983154297,,,4454,,,,,,
81,,0.13685640692710876,,0.32728609442710876,,3.8125,4.04699458158575e-05,4499,,,,,,
,,,,,,,,1863,,0.0,,0.0,,0.0
,,,,,,,,1864,,0.0,,0.0,,0.0
,,,,,,,,1865,,0.0,,0.0,,0.0
,,,,,,,,1866,,0.0,,0.0,,0.0
,,,,,,,,1867,,0.0,,0.0,,0.0
,,,,,,,,1868,,0.0,,0.0,,0.0
,,,,,,,,1869,,0.0,,0.0,,0.0
,,,,,,,,1870,,0.0,,0.0,,0.0
,,,,,,,,1871,,0.0,,0.0,,0.0
,,,,,,,,1872,,0.0,,0.0,,0.0
,,,,,,,,1873,,0.0,,0.0,,0.0
,,,,,,,,1874,,0.0,,0.0,,0.0
,,,,,,,,1875,,0.0,,0.0,,0.0
,,,,,,,,1876,,0.0,,0.0,,0.0
,,,,,,,,1877,,0.0,,0.0,,0.0
,,,,,,,,1878,,0.0,,0.0,,0.0
,,,,,,,,1879,,0.0,,0.0,,0.0
,,,,,,,,1880,,0.0,,0.0,,0.0
,,,,,,,,1881,,0.0,,0.0,,0.0
,,,,,,,,1882,,0.0,,0.0,,0.0
,,,,,,,,1883,,0.0,,0.0,,0.0
,,,,,,,,1884,,0.0,,0.0,,0.0
,,,,,,,,1885,,0.0,,0.0,,0.0
81,,,,,,,,4509,0.0,,0.0,,0.0,
81,0.1439674347639084,,0.3405405580997467,,3.9321022033691406,,,4509,,,,,,
82,,0.14121288061141968,,0.3414081931114197,,4.0,3.662357266875915e-05,4549,,,,,,
,,,,,,,,1886,,0.0,,0.0,,0.0
,,,,,,,,1887,,0.0,,0.0,,0.0
,,,,,,,,1888,,0.0,,0.0,,0.0
,,,,,,,,1889,,0.0,,0.0,,0.0
,,,,,,,,1890,,0.0,,0.0,,0.0
,,,,,,,,1891,,0.0,,0.0,,0.0
,,,,,,,,1892,,0.0,,0.0,,0.0
,,,,,,,,1893,,0.0,,0.0,,0.0
,,,,,,,,1894,,0.0,,0.0,,0.0
,,,,,,,,1895,,0.0,,0.0,,0.0
,,,,,,,,1896,,0.0,,0.0,,0.0
,,,,,,,,1897,,0.0,,0.0,,0.0
,,,,,,,,1898,,0.0,,0.0,,0.0
,,,,,,,,1899,,0.0,,0.0,,0.0
,,,,,,,,1900,,0.0,,0.0,,0.0
,,,,,,,,1901,,0.0,,0.0,,0.0
,,,,,,,,1902,,0.0,,0.0,,0.0
,,,,,,,,1903,,0.0,,0.0,,0.0
,,,,,,,,1904,,0.0,,0.0,,0.0
,,,,,,,,1905,,0.0,,0.0,,0.0
,,,,,,,,1906,,0.0,,0.0,,0.0
,,,,,,,,1907,,0.0,,0.0,,0.0
,,,,,,,,1908,,0.0,,0.0,,0.0
82,,,,,,,,4564,0.0,,0.0,,0.0,
82,0.14434050023555756,,0.3398660719394684,,3.9116477966308594,,,4564,,,,,,
83,,0.14598125219345093,,0.3412937521934509,,3.90625,3.295476926723495e-05,4599,,,,,,
,,,,,,,,1909,,0.0,,0.0,,0.0
,,,,,,,,1910,,0.0,,0.0,,0.0
,,,,,,,,1911,,0.0,,0.0,,0.0
,,,,,,,,1912,,0.0,,0.0,,0.0
,,,,,,,,1913,,0.0,,0.0,,0.0
,,,,,,,,1914,,0.0,,0.0,,0.0
,,,,,,,,1915,,0.0,,0.0,,0.0
,,,,,,,,1916,,0.0,,0.0,,0.0
,,,,,,,,1917,,0.0,,0.0,,0.0
,,,,,,,,1918,,0.0,,0.0,,0.0
,,,,,,,,1919,,0.0,,0.0,,0.0
,,,,,,,,1920,,0.0,,0.0,,0.0
,,,,,,,,1921,,0.0,,0.0,,0.0
,,,,,,,,1922,,0.0,,0.0,,0.0
,,,,,,,,1923,,0.0,,0.0,,0.0
,,,,,,,,1924,,0.0,,0.0,,0.0
,,,,,,,,1925,,0.0,,0.0,,0.0
,,,,,,,,1926,,0.0,,0.0,,0.0
,,,,,,,,1927,,0.0,,0.0,,0.0
,,,,,,,,1928,,0.0,,0.0,,0.0
,,,,,,,,1929,,0.0,,0.0,,0.0
,,,,,,,,1930,,0.0,,0.0,,0.0
,,,,,,,,1931,,0.0,,0.0,,0.0
83,,,,,,,,4619,0.0,,0.0,,0.0,
83,0.14227217435836792,,0.3369987905025482,,3.8951704502105713,,,4619,,,,,,
84,,0.14347970485687256,,0.33683907985687256,,3.859375,2.946658423752524e-05,4649,,,,,,
,,,,,,,,1932,,0.0,,0.0,,0.0
,,,,,,,,1933,,0.0,,0.0,,0.0
,,,,,,,,1934,,0.0,,0.0,,0.0
,,,,,,,,1935,,0.0,,0.0,,0.0
,,,,,,,,1936,,0.0,,0.0,,0.0
,,,,,,,,1937,,0.0,,0.0,,0.0
,,,,,,,,1938,,0.0,,0.0,,0.0
,,,,,,,,1939,,0.0,,0.0,,0.0
,,,,,,,,1940,,0.0,,0.0,,0.0
,,,,,,,,1941,,0.0,,0.0,,0.0
,,,,,,,,1942,,0.0,,0.0,,0.0
,,,,,,,,1943,,0.0,,0.0,,0.0
,,,,,,,,1944,,0.0,,0.0,,0.0
,,,,,,,,1945,,0.0,,0.0,,0.0
,,,,,,,,1946,,0.0,,0.0,,0.0
,,,,,,,,1947,,0.0,,0.0,,0.0
,,,,,,,,1948,,0.0,,0.0,,0.0
,,,,,,,,1949,,0.0,,0.0,,0.0
,,,,,,,,1950,,0.0,,0.0,,0.0
,,,,,,,,1951,,0.0,,0.0,,0.0
,,,,,,,,1952,,0.0,,0.0,,0.0
,,,,,,,,1953,,0.0,,0.0,,0.0
,,,,,,,,1954,,0.0,,0.0,,0.0
84,,,,,,,,4674,0.0,,0.0,,0.0,
84,0.14064234495162964,,0.336203396320343,,3.9116477966308594,,,4674,,,,,,
85,,0.1443982720375061,,0.3318982720375061,,3.75,2.616192250570748e-05,4699,,,,,,
,,,,,,,,1955,,0.0,,0.0,,0.0
,,,,,,,,1956,,0.0,,0.0,,0.0
,,,,,,,,1957,,0.0,,0.0,,0.0
,,,,,,,,1958,,0.0,,0.0,,0.0
,,,,,,,,1959,,0.0,,0.0,,0.0
,,,,,,,,1960,,0.0,,0.0,,0.0
,,,,,,,,1961,,0.0,,0.0,,0.0
,,,,,,,,1962,,0.0,,0.0,,0.0
,,,,,,,,1963,,0.0,,0.0,,0.0
,,,,,,,,1964,,0.0,,0.0,,0.0
,,,,,,,,1965,,0.0,,0.0,,0.0
,,,,,,,,1966,,0.0,,0.0,,0.0
,,,,,,,,1967,,0.0,,0.0,,0.0
,,,,,,,,1968,,0.0,,0.0,,0.0
,,,,,,,,1969,,0.0,,0.0,,0.0
,,,,,,,,1970,,0.0,,0.0,,0.0
,,,,,,,,1971,,0.0,,0.0,,0.0
,,,,,,,,1972,,0.0,,0.0,,0.0
,,,,,,,,1973,,0.0,,0.0,,0.0
,,,,,,,,1974,,0.0,,0.0,,0.0
,,,,,,,,1975,,0.0,,0.0,,0.0
,,,,,,,,1976,,0.0,,0.0,,0.0
,,,,,,,,1977,,0.0,,0.0,,0.0
85,,,,,,,,4729,0.0,,0.0,,0.0,
85,0.14010928571224213,,0.3340013027191162,,3.878693103790283,,,4729,,,,,,
86,,0.1421205997467041,,0.3335268497467041,,3.828125,2.3043530745781027e-05,4749,,,,,,
,,,,,,,,1978,,0.0,,0.0,,0.0
,,,,,,,,1979,,0.0,,0.0,,0.0
,,,,,,,,1980,,0.0,,0.0,,0.0
,,,,,,,,1981,,0.0,,0.0,,0.0
,,,,,,,,1982,,0.0,,0.0,,0.0
,,,,,,,,1983,,0.0,,0.0,,0.0
,,,,,,,,1984,,0.0,,0.0,,0.0
,,,,,,,,1985,,0.0,,0.0,,0.0
,,,,,,,,1986,,0.0,,0.0,,0.0
,,,,,,,,1987,,0.0,,0.0,,0.0
,,,,,,,,1988,,0.0,,0.0,,0.0
,,,,,,,,1989,,0.0,,0.0,,0.0
,,,,,,,,1990,,0.0,,0.0,,0.0
,,,,,,,,1991,,0.0,,0.0,,0.0
,,,,,,,,1992,,0.0,,0.0,,0.0
,,,,,,,,1993,,0.0,,0.0,,0.0
,,,,,,,,1994,,0.0,,0.0,,0.0
,,,,,,,,1995,,0.0,,0.0,,0.0
,,,,,,,,1996,,0.0,,0.0,,0.0
,,,,,,,,1997,,0.0,,0.0,,0.0
,,,,,,,,1998,,0.0,,0.0,,0.0
,,,,,,,,1999,,0.0,,0.0,,0.0
,,,,,,,,2000,,0.0,,0.0,,0.0
86,,,,,,,,4784,0.0,,0.0,,0.0,
86,0.13921323418617249,,0.3330519497394562,,3.876136302947998,,,4784,,,,,,
87,,0.14362666010856628,,0.3291735351085663,,3.71875,2.0114008293603547e-05,4799,,,,,,
,,,,,,,,2001,,0.0,,0.0,,0.0
,,,,,,,,2002,,0.0,,0.0,,0.0
,,,,,,,,2003,,0.0,,0.0,,0.0
,,,,,,,,2004,,0.0,,0.0,,0.0
,,,,,,,,2005,,0.0,,0.0,,0.0
,,,,,,,,2006,,0.0,,0.0,,0.0
,,,,,,,,2007,,0.0,,0.0,,0.0
,,,,,,,,2008,,0.0,,0.0,,0.0
,,,,,,,,2009,,0.0,,0.0,,0.0
,,,,,,,,2010,,0.0,,0.0,,0.0
,,,,,,,,2011,,0.0,,0.0,,0.0
,,,,,,,,2012,,0.0,,0.0,,0.0
,,,,,,,,2013,,0.0,,0.0,,0.0
,,,,,,,,2014,,0.0,,0.0,,0.0
,,,,,,,,2015,,0.0,,0.0,,0.0
,,,,,,,,2016,,0.0,,0.0,,0.0
,,,,,,,,2017,,0.0,,0.0,,0.0
,,,,,,,,2018,,0.0,,0.0,,0.0
,,,,,,,,2019,,0.0,,0.0,,0.0
,,,,,,,,2020,,0.0,,0.0,,0.0
,,,,,,,,2021,,0.0,,0.0,,0.0
,,,,,,,,2022,,0.0,,0.0,,0.0
,,,,,,,,2023,,0.0,,0.0,,0.0
87,,,,,,,,4839,0.0,,0.0,,0.0,
87,0.13771601021289825,,0.3305426836013794,,3.856250047683716,,,4839,,,,,,
88,,0.1338985115289688,,0.3233516216278076,,3.78125,1.7375788956996985e-05,4849,,,,,,
,,,,,,,,2024,,0.0,,0.0,,0.0
,,,,,,,,2025,,0.0,,0.0,,0.0
,,,,,,,,2026,,0.0,,0.0,,0.0
,,,,,,,,2027,,0.0,,0.0,,0.0
,,,,,,,,2028,,0.0,,0.0,,0.0
,,,,,,,,2029,,0.0,,0.0,,0.0
,,,,,,,,2030,,0.0,,0.0,,0.0
,,,,,,,,2031,,0.0,,0.0,,0.0
,,,,,,,,2032,,0.0,,0.0,,0.0
,,,,,,,,2033,,0.0,,0.0,,0.0
,,,,,,,,2034,,0.0,,0.0,,0.0
,,,,,,,,2035,,0.0,,0.0,,0.0
,,,,,,,,2036,,0.0,,0.0,,0.0
,,,,,,,,2037,,0.0,,0.0,,0.0
,,,,,,,,2038,,0.0,,0.0,,0.0
,,,,,,,,2039,,0.0,,0.0,,0.0
,,,,,,,,2040,,0.0,,0.0,,0.0
,,,,,,,,2041,,0.0,,0.0,,0.0
,,,,,,,,2042,,0.0,,0.0,,0.0
,,,,,,,,2043,,0.0,,0.0,,0.0
,,,,,,,,2044,,0.0,,0.0,,0.0
,,,,,,,,2045,,0.0,,0.0,,0.0
,,,,,,,,2046,,0.0,,0.0,,0.0
88,,,,,,,,4894,0.0,,0.0,,0.0,
88,0.1375262290239334,,0.32841750979423523,,3.8178977966308594,,,4894,,,,,,
89,,0.13616198301315308,,0.3217088580131531,,3.703125,1.4831153748673387e-05,4899,,,,,,
89,,0.14964032173156738,,0.3361637592315674,,3.734375,1.2482220881793182e-05,4949,,,,,,
,,,,,,,,2047,,0.0,,0.0,,0.0
,,,,,,,,2048,,0.0,,0.0,,0.0
,,,,,,,,2049,,0.0,,0.0,,0.0
,,,,,,,,2050,,0.0,,0.0,,0.0
,,,,,,,,2051,,0.0,,0.0,,0.0
,,,,,,,,2052,,0.0,,0.0,,0.0
,,,,,,,,2053,,0.0,,0.0,,0.0
,,,,,,,,2054,,0.0,,0.0,,0.0
,,,,,,,,2055,,0.0,,0.0,,0.0
,,,,,,,,2056,,0.0,,0.0,,0.0
,,,,,,,,2057,,0.0,,0.0,,0.0
,,,,,,,,2058,,0.0,,0.0,,0.0
,,,,,,,,2059,,0.0,,0.0,,0.0
,,,,,,,,2060,,0.0,,0.0,,0.0
,,,,,,,,2061,,0.0,,0.0,,0.0
,,,,,,,,2062,,0.0,,0.0,,0.0
,,,,,,,,2063,,0.0,,0.0,,0.0
,,,,,,,,2064,,0.0,,0.0,,0.0
,,,,,,,,2065,,0.0,,0.0,,0.0
,,,,,,,,2066,,0.0,,0.0,,0.0
,,,,,,,,2067,,0.0,,0.0,,0.0
,,,,,,,,2068,,0.0,,0.0,,0.0
,,,,,,,,2069,,0.0,,0.0,,0.0
89,,,,,,,,4949,0.0,,0.0,,0.0,
89,0.13617540895938873,,0.3263387382030487,,3.8019886016845703,,,4949,,,,,,
90,,0.13261011242866516,,0.32401636242866516,,3.828125,1.0330943041481078e-05,4999,,,,,,
,,,,,,,,2070,,0.0,,0.0,,0.0
,,,,,,,,2071,,0.0,,0.0,,0.0
,,,,,,,,2072,,0.0,,0.0,,0.0
,,,,,,,,2073,,0.0,,0.0,,0.0
,,,,,,,,2074,,0.0,,0.0,,0.0
,,,,,,,,2075,,0.0,,0.0,,0.0
,,,,,,,,2076,,0.0,,0.0,,0.0
,,,,,,,,2077,,0.0,,0.0,,0.0
,,,,,,,,2078,,0.0,,0.0,,0.0
,,,,,,,,2079,,0.0,,0.0,,0.0
,,,,,,,,2080,,0.0,,0.0,,0.0
,,,,,,,,2081,,0.0,,0.0,,0.0
,,,,,,,,2082,,0.0,,0.0,,0.0
,,,,,,,,2083,,0.0,,0.0,,0.0
,,,,,,,,2084,,0.0,,0.0,,0.0
,,,,,,,,2085,,0.0,,0.0,,0.0
,,,,,,,,2086,,0.0,,0.0,,0.0
,,,,,,,,2087,,0.0,,0.0,,0.0
,,,,,,,,2088,,0.0,,0.0,,0.0
,,,,,,,,2089,,0.0,,0.0,,0.0
,,,,,,,,2090,,0.0,,0.0,,0.0
,,,,,,,,2091,,0.0,,0.0,,0.0
,,,,,,,,2092,,0.0,,0.0,,0.0
90,,,,,,,,5004,0.0,,0.0,,0.0,
90,0.13632243871688843,,0.3262194097042084,,3.797727346420288,,,5004,,,,,,
91,,0.13298390805721283,,0.312671422958374,,3.59375,8.379111932299566e-06,5049,,,,,,
,,,,,,,,2093,,0.0,,0.0,,0.0
,,,,,,,,2094,,0.0,,0.0,,0.0
,,,,,,,,2095,,0.0,,0.0,,0.0
,,,,,,,,2096,,0.0,,0.0,,0.0
,,,,,,,,2097,,0.0,,0.0,,0.0
,,,,,,,,2098,,0.0,,0.0,,0.0
,,,,,,,,2099,,0.0,,0.0,,0.0
,,,,,,,,2100,,0.0,,0.0,,0.0
,,,,,,,,2101,,0.0,,0.0,,0.0
,,,,,,,,2102,,0.0,,0.0,,0.0
,,,,,,,,2103,,0.0,,0.0,,0.0
,,,,,,,,2104,,0.0,,0.0,,0.0
,,,,,,,,2105,,0.0,,0.0,,0.0
,,,,,,,,2106,,0.0,,0.0,,0.0
,,,,,,,,2107,,0.0,,0.0,,0.0
,,,,,,,,2108,,0.0,,0.0,,0.0
,,,,,,,,2109,,0.0,,0.0,,0.0
,,,,,,,,2110,,0.0,,0.0,,0.0
,,,,,,,,2111,,0.0,,0.0,,0.0
,,,,,,,,2112,,0.0,,0.0,,0.0
,,,,,,,,2113,,0.0,,0.0,,0.0
,,,,,,,,2114,,0.0,,0.0,,0.0
,,,,,,,,2115,,0.0,,0.0,,0.0
91,,,,,,,,5059,0.0,,0.0,,0.0,
91,0.1355963498353958,,0.32497847080230713,,3.7872159481048584,,,5059,,,,,,
92,,0.1412414014339447,,0.3316710889339447,,3.8125,6.62835054754396e-06,5099,,,,,,
,,,,,,,,2116,,0.0,,0.0,,0.0
,,,,,,,,2117,,0.0,,0.0,,0.0
,,,,,,,,2118,,0.0,,0.0,,0.0
,,,,,,,,2119,,0.0,,0.0,,0.0
,,,,,,,,2120,,0.0,,0.0,,0.0
,,,,,,,,2121,,0.0,,0.0,,0.0
,,,,,,,,2122,,0.0,,0.0,,0.0
,,,,,,,,2123,,0.0,,0.0,,0.0
,,,,,,,,2124,,0.0,,0.0,,0.0
,,,,,,,,2125,,0.0,,0.0,,0.0
,,,,,,,,2126,,0.0,,0.0,,0.0
,,,,,,,,2127,,0.0,,0.0,,0.0
,,,,,,,,2128,,0.0,,0.0,,0.0
,,,,,,,,2129,,0.0,,0.0,,0.0
,,,,,,,,2130,,0.0,,0.0,,0.0
,,,,,,,,2131,,0.0,,0.0,,0.0
,,,,,,,,2132,,0.0,,0.0,,0.0
,,,,,,,,2133,,0.0,,0.0,,0.0
,,,,,,,,2134,,0.0,,0.0,,0.0
,,,,,,,,2135,,0.0,,0.0,,0.0
,,,,,,,,2136,,0.0,,0.0,,0.0
,,,,,,,,2137,,0.0,,0.0,,0.0
,,,,,,,,2138,,0.0,,0.0,,0.0
92,,,,,,,,5114,0.0,,0.0,,0.0,
92,0.13517490029335022,,0.3249475657939911,,3.795170545578003,,,5114,,,,,,
93,,0.14061281085014343,,0.32713624835014343,,3.734375,5.080117261968553e-06,5149,,,,,,
,,,,,,,,2139,,0.0,,0.0,,0.0
,,,,,,,,2140,,0.0,,0.0,,0.0
,,,,,,,,2141,,0.0,,0.0,,0.0
,,,,,,,,2142,,0.0,,0.0,,0.0
,,,,,,,,2143,,0.0,,0.0,,0.0
,,,,,,,,2144,,0.0,,0.0,,0.0
,,,,,,,,2145,,0.0,,0.0,,0.0
,,,,,,,,2146,,0.0,,0.0,,0.0
,,,,,,,,2147,,0.0,,0.0,,0.0
,,,,,,,,2148,,0.0,,0.0,,0.0
,,,,,,,,2149,,0.0,,0.0,,0.0
,,,,,,,,2150,,0.0,,0.0,,0.0
,,,,,,,,2151,,0.0,,0.0,,0.0
,,,,,,,,2152,,0.0,,0.0,,0.0
,,,,,,,,2153,,0.0,,0.0,,0.0
,,,,,,,,2154,,0.0,,0.0,,0.0
,,,,,,,,2155,,0.0,,0.0,,0.0
,,,,,,,,2156,,0.0,,0.0,,0.0
,,,,,,,,2157,,0.0,,0.0,,0.0
,,,,,,,,2158,,0.0,,0.0,,0.0
,,,,,,,,2159,,0.0,,0.0,,0.0
,,,,,,,,2160,,0.0,,0.0,,0.0
,,,,,,,,2161,,0.0,,0.0,,0.0
93,,,,,,,,5169,0.0,,0.0,,0.0,
93,0.13544856011867523,,0.32454657554626465,,3.782954454421997,,,5169,,,,,,
94,,0.1320219337940216,,0.3195219337940216,,3.75,3.7356994653237052e-06,5199,,,,,,
,,,,,,,,2162,,0.0,,0.0,,0.0
,,,,,,,,2163,,0.0,,0.0,,0.0
,,,,,,,,2164,,0.0,,0.0,,0.0
,,,,,,,,2165,,0.0,,0.0,,0.0
,,,,,,,,2166,,0.0,,0.0,,0.0
,,,,,,,,2167,,0.0,,0.0,,0.0
,,,,,,,,2168,,0.0,,0.0,,0.0
,,,,,,,,2169,,0.0,,0.0,,0.0
,,,,,,,,2170,,0.0,,0.0,,0.0
,,,,,,,,2171,,0.0,,0.0,,0.0
,,,,,,,,2172,,0.0,,0.0,,0.0
,,,,,,,,2173,,0.0,,0.0,,0.0
,,,,,,,,2174,,0.0,,0.0,,0.0
,,,,,,,,2175,,0.0,,0.0,,0.0
,,,,,,,,2176,,0.0,,0.0,,0.0
,,,,,,,,2177,,0.0,,0.0,,0.0
,,,,,,,,2178,,0.0,,0.0,,0.0
,,,,,,,,2179,,0.0,,0.0,,0.0
,,,,,,,,2180,,0.0,,0.0,,0.0
,,,,,,,,2181,,0.0,,0.0,,0.0
,,,,,,,,2182,,0.0,,0.0,,0.0
,,,,,,,,2183,,0.0,,0.0,,0.0
,,,,,,,,2184,,0.0,,0.0,,0.0
94,,,,,,,,5224,0.0,,0.0,,0.0,
94,0.13525354862213135,,0.32486653327941895,,3.7917613983154297,,,5224,,,,,,
95,,0.12922686338424683,,0.3167268633842468,,3.75,2.596216518213623e-06,5249,,,,,,
,,,,,,,,2185,,0.0,,0.0,,0.0
,,,,,,,,2186,,0.0,,0.0,,0.0
,,,,,,,,2187,,0.0,,0.0,,0.0
,,,,,,,,2188,,0.0,,0.0,,0.0
,,,,,,,,2189,,0.0,,0.0,,0.0
,,,,,,,,2190,,0.0,,0.0,,0.0
,,,,,,,,2191,,0.0,,0.0,,0.0
,,,,,,,,2192,,0.0,,0.0,,0.0
,,,,,,,,2193,,0.0,,0.0,,0.0
,,,,,,,,2194,,0.0,,0.0,,0.0
,,,,,,,,2195,,0.0,,0.0,,0.0
,,,,,,,,2196,,0.0,,0.0,,0.0
,,,,,,,,2197,,0.0,,0.0,,0.0
,,,,,,,,2198,,0.0,,0.0,,0.0
,,,,,,,,2199,,0.0,,0.0,,0.0
,,,,,,,,2200,,0.0,,0.0,,0.0
,,,,,,,,2201,,0.0,,0.0,,0.0
,,,,,,,,2202,,0.0,,0.0,,0.0
,,,,,,,,2203,,0.0,,0.0,,0.0
,,,,,,,,2204,,0.0,,0.0,,0.0
,,,,,,,,2205,,0.0,,0.0,,0.0
,,,,,,,,2206,,0.0,,0.0,,0.0
,,,,,,,,2207,,0.0,,0.0,,0.0
95,,,,,,,,5279,0.0,,0.0,,0.0,
95,0.13521714508533478,,0.32410213351249695,,3.777556896209717,,,5279,,,,,,
96,,0.13864560425281525,,0.33200496435165405,,3.859375,1.6626162278043921e-06,5299,,,,,,
,,,,,,,,2208,,0.0,,0.0,,0.0
,,,,,,,,2209,,0.0,,0.0,,0.0
,,,,,,,,2210,,0.0,,0.0,,0.0
,,,,,,,,2211,,0.0,,0.0,,0.0
,,,,,,,,2212,,0.0,,0.0,,0.0
,,,,,,,,2213,,0.0,,0.0,,0.0
,,,,,,,,2214,,0.0,,0.0,,0.0
,,,,,,,,2215,,0.0,,0.0,,0.0
,,,,,,,,2216,,0.0,,0.0,,0.0
,,,,,,,,2217,,0.0,,0.0,,0.0
,,,,,,,,2218,,0.0,,0.0,,0.0
,,,,,,,,2219,,0.0,,0.0,,0.0
,,,,,,,,2220,,0.0,,0.0,,0.0
,,,,,,,,2221,,0.0,,0.0,,0.0
,,,,,,,,2222,,0.0,,0.0,,0.0
,,,,,,,,2223,,0.0,,0.0,,0.0
,,,,,,,,2224,,0.0,,0.0,,0.0
,,,,,,,,2225,,0.0,,0.0,,0.0
,,,,,,,,2226,,0.0,,0.0,,0.0
,,,,,,,,2227,,0.0,,0.0,,0.0
,,,,,,,,2228,,0.0,,0.0,,0.0
,,,,,,,,2229,,0.0,,0.0,,0.0
,,,,,,,,2230,,0.0,,0.0,,0.0
96,,,,,,,,5334,0.0,,0.0,,0.0,
96,0.1347896158695221,,0.32328400015830994,,3.769318103790283,,,5334,,,,,,
97,,0.12729257345199585,,0.30502694845199585,,3.5625,9.356758141620958e-07,5349,,,,,,
,,,,,,,,2231,,0.0,,0.0,,0.0
,,,,,,,,2232,,0.0,,0.0,,0.0
,,,,,,,,2233,,0.0,,0.0,,0.0
,,,,,,,,2234,,0.0,,0.0,,0.0
,,,,,,,,2235,,0.0,,0.0,,0.0
,,,,,,,,2236,,0.0,,0.0,,0.0
,,,,,,,,2237,,0.0,,0.0,,0.0
,,,,,,,,2238,,0.0,,0.0,,0.0
,,,,,,,,2239,,0.0,,0.0,,0.0
,,,,,,,,2240,,0.0,,0.0,,0.0
,,,,,,,,2241,,0.0,,0.0,,0.0
,,,,,,,,2242,,0.0,,0.0,,0.0
,,,,,,,,2243,,0.0,,0.0,,0.0
,,,,,,,,2244,,0.0,,0.0,,0.0
,,,,,,,,2245,,0.0,,0.0,,0.0
,,,,,,,,2246,,0.0,,0.0,,0.0
,,,,,,,,2247,,0.0,,0.0,,0.0
,,,,,,,,2248,,0.0,,0.0,,0.0
,,,,,,,,2249,,0.0,,0.0,,0.0
,,,,,,,,2250,,0.0,,0.0,,0.0
,,,,,,,,2251,,0.0,,0.0,,0.0
,,,,,,,,2252,,0.0,,0.0,,0.0
,,,,,,,,2253,,0.0,,0.0,,0.0
97,,,,,,,,5389,0.0,,0.0,,0.0,
97,0.1350039541721344,,0.32253941893577576,,3.751420497894287,,,5389,,,,,,
98,,0.12998436391353607,,0.31748437881469727,,3.75,4.160001765285415e-07,5399,,,,,,
,,,,,,,,2254,,0.0,,0.0,,0.0
,,,,,,,,2255,,0.0,,0.0,,0.0
,,,,,,,,2256,,0.0,,0.0,,0.0
,,,,,,,,2257,,0.0,,0.0,,0.0
,,,,,,,,2258,,0.0,,0.0,,0.0
,,,,,,,,2259,,0.0,,0.0,,0.0
,,,,,,,,2260,,0.0,,0.0,,0.0
,,,,,,,,2261,,0.0,,0.0,,0.0
,,,,,,,,2262,,0.0,,0.0,,0.0
,,,,,,,,2263,,0.0,,0.0,,0.0
,,,,,,,,2264,,0.0,,0.0,,0.0
,,,,,,,,2265,,0.0,,0.0,,0.0
,,,,,,,,2266,,0.0,,0.0,,0.0
,,,,,,,,2267,,0.0,,0.0,,0.0
,,,,,,,,2268,,0.0,,0.0,,0.0
,,,,,,,,2269,,0.0,,0.0,,0.0
,,,,,,,,2270,,0.0,,0.0,,0.0
,,,,,,,,2271,,0.0,,0.0,,0.0
,,,,,,,,2272,,0.0,,0.0,,0.0
,,,,,,,,2273,,0.0,,0.0,,0.0
,,,,,,,,2274,,0.0,,0.0,,0.0
,,,,,,,,2275,,0.0,,0.0,,0.0
,,,,,,,,2276,,0.0,,0.0,,0.0
98,,,,,,,,5444,0.0,,0.0,,0.0,
98,0.13407006859779358,,0.3220849931240082,,3.7596590518951416,,,5444,,,,,,
99,,0.12616047263145447,,0.32147297263145447,,3.90625,1.0402168726386662e-07,5449,,,,,,
99,,0.13298141956329346,,0.31462204456329346,,3.640625,0.0,5499,,,,,,
,,,,,,,,2277,,0.0,,0.0,,0.0
,,,,,,,,2278,,0.0,,0.0,,0.0
,,,,,,,,2279,,0.0,,0.0,,0.0
,,,,,,,,2280,,0.0,,0.0,,0.0
,,,,,,,,2281,,0.0,,0.0,,0.0
,,,,,,,,2282,,0.0,,0.0,,0.0
,,,,,,,,2283,,0.0,,0.0,,0.0
,,,,,,,,2284,,0.0,,0.0,,0.0
,,,,,,,,2285,,0.0,,0.0,,0.0
,,,,,,,,2286,,0.0,,0.0,,0.0
,,,,,,,,2287,,0.0,,0.0,,0.0
,,,,,,,,2288,,0.0,,0.0,,0.0
,,,,,,,,2289,,0.0,,0.0,,0.0
,,,,,,,,2290,,0.0,,0.0,,0.0
,,,,,,,,2291,,0.0,,0.0,,0.0
,,,,,,,,2292,,0.0,,0.0,,0.0
,,,,,,,,2293,,0.0,,0.0,,0.0
,,,,,,,,2294,,0.0,,0.0,,0.0
,,,,,,,,2295,,0.0,,0.0,,0.0
,,,,,,,,2296,,0.0,,0.0,,0.0
,,,,,,,,2297,,0.0,,0.0,,0.0
,,,,,,,,2298,,0.0,,0.0,,0.0
,,,,,,,,2299,,0.0,,0.0,,0.0
99,,,,,,,,5499,0.0,,0.0,,0.0,
99,0.13396815955638885,,0.3212018311023712,,3.7457387447357178,,,5499,,,,,,
